sample_id,dataset,stratum,question_len,difficulty,n_clues,n_cells,acc_low,acc_high,acc_max,rt_low,rt_high,rt_max,cost_low,cost_high,cost_max,latency_low,latency_high,latency_max,best_setting,label
aime_000,aime,1,520,0.5,0,0,1.0,1.0,1.0,1320.6,837.8,1649.2,0.000393,0.000269,0.000498,12899.6,8580.2,16106.2,high,high
aime_001,aime,1,314,0.5,0,0,1.0,1.0,1.0,4279.4,11391.6,13282.0,0.001218,0.00322,0.003751,42752.6,117074.6,140424.8,low,low
aime_002,aime,1,339,0.5,0,0,1.0,1.0,1.0,15889.8,25377.6,30397.0,0.004465,0.007132,0.008539,177837.4,265130.8,336452.6,low,low
aime_003,aime,1,193,0.5,0,0,0.6,0.0,0.6,55073.6,65536.0,78200.2,0.015436,0.018376,0.021925,534774.8,630296.4,835024.2,low,low
aime_004,aime,1,205,0.5,0,0,1.0,1.0,1.0,5237.6,6099.2,13250.2,0.00148,0.001733,0.003737,52549.6,60327.2,135646.8,low,low
aime_005,aime,1,449,0.5,0,0,1.0,1.0,1.0,2639.4,5080.8,12431.4,0.000763,0.001458,0.003518,24174.8,48836.6,125718.8,low,low
aime_006,aime,1,339,0.5,0,0,1.0,1.0,1.0,6522.6,8879.0,21404.8,0.001844,0.002514,0.006023,66649.6,85111.8,217330.8,low,low
aime_007,aime,1,134,0.5,0,0,1.0,1.0,1.0,442.0,723.0,2039.8,0.000135,0.000225,0.000595,4668.6,7390.0,20865.0,low,low
aime_008,aime,1,425,0.5,0,0,1.0,1.0,1.0,3359.2,1940.6,5131.6,0.000959,0.000573,0.001468,34577.4,20565.0,53240.4,high,high
aime_009,aime,1,463,0.5,0,0,1.0,1.0,1.0,533.8,1301.6,1505.2,0.000171,0.000397,0.000456,5455.8,12615.0,15215.2,low,low
aime_010,aime,1,181,0.5,0,0,1.0,1.0,1.0,8698.6,14250.4,17565.2,0.00245,0.004016,0.004946,89699.6,140862.4,183790.2,low,low
aime_011,aime,1,236,0.5,0,0,1.0,1.0,1.0,3896.8,4320.8,12891.2,0.001104,0.001233,0.003635,39690.2,45209.0,141946.0,low,low
aime_012,aime,1,114,0.5,0,0,1.0,1.0,1.0,1179.4,798.0,1755.4,0.000341,0.000245,0.000515,11618.2,7909.2,17486.8,high,high
aime_013,aime,1,340,0.5,0,0,0.4,0.6,0.6,33723.2,48282.2,65511.6,0.00946,0.013547,0.018374,349212.4,483468.6,688831.0,high,high
aime_014,aime,1,236,0.5,0,0,1.0,1.0,1.0,5260.0,8176.6,18883.2,0.001489,0.002316,0.005316,56652.6,81671.8,200546.2,low,low
aime_015,aime,1,401,0.5,0,0,1.0,1.0,1.0,2835.0,1856.6,4837.8,0.000813,0.00055,0.001386,28887.0,18053.0,48340.0,high,high
aime_016,aime,1,154,0.5,0,0,1.0,1.0,1.0,2688.0,3369.0,8392.6,0.000764,0.000966,0.002374,26062.4,31306.2,84006.0,low,low
aime_017,aime,1,184,0.5,0,0,1.0,1.0,1.0,3396.6,3106.2,10087.8,0.000966,0.000896,0.002853,32368.4,27915.4,97671.2,high,high
aime_018,aime,1,571,0.5,0,0,1.0,1.0,1.0,6387.8,10764.8,22694.4,0.001817,0.003053,0.006396,61315.8,97168.8,225399.2,low,low
aime_019,aime,1,133,0.5,0,0,1.0,1.0,1.0,1460.8,2848.4,6512.0,0.000421,0.000821,0.001848,13009.2,26130.0,63309.2,low,low
aime_020,aime,1,430,0.5,0,0,1.0,1.0,1.0,5699.8,6300.2,19907.6,0.001619,0.001798,0.00561,56752.6,62946.4,211105.8,low,low
aime_021,aime,1,494,0.5,0,0,1.0,1.0,1.0,24437.4,48304.8,57811.6,0.00687,0.013564,0.016228,262608.6,469996.6,618846.2,low,low
aime_022,aime,1,309,0.5,0,0,1.0,1.0,1.0,5719.0,5122.4,7346.0,0.001617,0.001461,0.002085,61165.4,52736.4,80300.0,high,high
aime_023,aime,1,393,0.5,0,0,1.0,1.0,1.0,3640.2,2038.0,4887.0,0.001041,0.000604,0.001403,37937.4,20415.2,52508.6,high,high
aime_024,aime,1,377,0.5,0,0,1.0,1.0,1.0,777.6,710.6,894.2,0.000242,0.000234,0.000287,6200.0,5908.6,7606.2,high,high
aime_025,aime,1,233,0.5,0,0,1.0,1.0,1.0,12289.6,20896.2,19108.6,0.003454,0.005875,0.005376,126518.8,204212.2,195771.0,low,low
aime_026,aime,1,237,0.5,0,0,1.0,1.0,1.0,2053.0,1267.8,2486.4,0.000588,0.000379,0.000723,19009.0,11749.6,24540.0,high,high
aime_027,aime,1,266,0.5,0,0,1.0,0.8,0.8,7456.2,13951.6,22380.8,0.002102,0.003932,0.006294,69365.0,128502.6,223043.4,low,low
aime_028,aime,1,938,0.5,0,0,1.0,1.0,1.0,9757.0,11363.6,19070.4,0.002791,0.003252,0.005411,97524.8,113380.4,209959.0,low,low
aime_029,aime,1,422,0.5,0,0,1.0,1.0,1.0,11215.0,14832.2,25410.6,0.003158,0.004182,0.007146,127355.4,163209.0,290102.2,low,low
easy2hard_E2H-AMC_00037,easy2hard_amc,2,131,0.23560326371241203,0,0,1.0,1.0,1.0,222.6,249.2,241.6,7.5e-05,9.4e-05,9.3e-05,2993.6,3159.0,3228.0,low,low
easy2hard_E2H-AMC_00125,easy2hard_amc,1,90,0.17696056087801681,0,0,1.0,1.0,1.0,74.4,72.0,78.6,3.1e-05,4.1e-05,4.5e-05,1409.0,1371.2,1662.0,high,high
easy2hard_E2H-AMC_00145,easy2hard_amc,2,94,0.2299648044570976,0,0,1.0,1.0,1.0,284.2,236.8,317.2,8.9e-05,8.7e-05,0.000111,3818.6,3196.4,3890.4,high,high
easy2hard_E2H-AMC_00165,easy2hard_amc,1,188,0.18547300552896723,0,0,1.0,1.0,1.0,3518.2,792.0,4728.4,0.000998,0.000245,0.001349,33568.0,9840.2,47155.6,high,high
easy2hard_E2H-AMC_00179,easy2hard_amc,4,383,0.5759120473062277,0,0,1.0,1.0,1.0,6089.2,12280.8,14395.2,0.001729,0.003473,0.004067,56333.8,116418.6,145256.0,low,low
easy2hard_E2H-AMC_00194,easy2hard_amc,1,562,0.1343438882587494,0,0,1.0,1.0,1.0,321.0,336.8,693.4,0.000135,0.00015,0.000252,4261.8,3836.8,7561.8,low,low
easy2hard_E2H-AMC_00235,easy2hard_amc,3,180,0.3310985984261779,0,0,0.0,0.0,0.0,12099.8,21740.6,34101.8,0.003402,0.006112,0.009575,106502.2,186512.0,305155.6,low,low
easy2hard_E2H-AMC_00281,easy2hard_amc,4,215,0.5681311369660672,0,0,1.0,1.0,1.0,17887.0,26076.6,35202.8,0.005022,0.007326,0.009883,176505.8,229880.8,329777.8,low,low
easy2hard_E2H-AMC_00370,easy2hard_amc,4,455,0.6934278703107896,0,0,1.0,1.0,1.0,14714.8,33657.6,21120.8,0.004141,0.009456,0.005947,130602.8,1097059.0,186365.0,low,low
easy2hard_E2H-AMC_00373,easy2hard_amc,5,168,0.7314662554756136,0,0,0.0,0.0,0.0,2117.8,2377.4,4602.6,0.000608,0.000691,0.001317,21146.4,20590.0,45590.4,low,low
easy2hard_E2H-AMC_00376,easy2hard_amc,4,440,0.566432638491592,0,0,1.0,1.0,1.0,12456.6,16953.8,29626.8,0.003512,0.004782,0.008332,122393.0,1826578.2,297590.8,low,low
easy2hard_E2H-AMC_00460,easy2hard_amc,4,522,0.6161584062709906,0,0,0.0,0.0,0.0,10499.2,13311.4,36344.2,0.002965,0.003763,0.010214,108793.2,129367.8,363837.0,low,low
easy2hard_E2H-AMC_00467,easy2hard_amc,1,174,0.12045089218061994,0,0,1.0,1.0,1.0,1793.8,1165.4,2854.0,0.000514,0.000349,0.000823,17402.4,11680.8,26809.0,high,high
easy2hard_E2H-AMC_00497,easy2hard_amc,1,154,0.19962213692052533,0,0,1.0,1.0,1.0,197.8,156.4,196.8,6.6e-05,6.5e-05,7.8e-05,2430.8,2112.4,2443.4,high,high
easy2hard_E2H-AMC_00504,easy2hard_amc,3,77,0.49977776710688054,0,0,0.0,0.0,0.0,705.2,681.4,840.6,0.000217,0.000223,0.000267,5749.6,6027.8,7465.2,high,high
easy2hard_E2H-AMC_00515,easy2hard_amc,3,193,0.3374498776950849,0,0,0.0,0.0,0.0,8255.6,23352.8,38897.0,0.002325,0.006563,0.010917,84265.0,217521.8,386917.8,low,low
easy2hard_E2H-AMC_00523,easy2hard_amc,1,155,0.019434172627954945,0,0,0.0,0.0,0.0,54.4,41.2,47.0,2.6e-05,3.3e-05,3.7e-05,1449.2,1402.8,1505.8,high,high
easy2hard_E2H-AMC_00556,easy2hard_amc,3,284,0.4530913586646903,0,0,0.0,0.0,0.0,5604.4,5390.6,17259.4,0.001586,0.001538,0.004863,59461.8,47221.6,165387.2,high,high
easy2hard_E2H-AMC_00587,easy2hard_amc,1,336,0.21260535244232595,0,0,0.0,0.0,0.0,2922.6,1137.0,5680.4,0.000835,0.000346,0.001621,31459.0,12993.2,61387.4,high,high
easy2hard_E2H-AMC_00674,easy2hard_amc,3,138,0.4585704171168985,0,0,1.0,1.0,1.0,404.4,557.0,666.6,0.000125,0.000179,0.000212,3612.4,5024.2,6349.8,low,low
easy2hard_E2H-AMC_00743,easy2hard_amc,1,54,0.12160996570003577,0,0,1.0,1.0,1.0,132.8,111.0,162.6,4.5e-05,5e-05,6.6e-05,1683.8,1530.8,2018.4,high,high
easy2hard_E2H-AMC_00780,easy2hard_amc,5,325,0.8750464930693157,0,0,0.8,1.0,0.8,8895.6,10318.2,21507.0,0.002508,0.002918,0.006052,79571.2,84168.8,190972.2,high,high
easy2hard_E2H-AMC_00782,easy2hard_amc,5,381,0.712123398998356,0,0,1.0,1.0,1.0,5464.8,3759.4,11172.0,0.001549,0.001083,0.00316,51174.8,37983.2,104755.8,high,high
easy2hard_E2H-AMC_00808,easy2hard_amc,5,208,0.9252003625723597,0,0,0.4,0.2,0.0,8141.0,17920.2,29282.2,0.002296,0.005046,0.008228,71927.6,146808.6,259105.6,low,low
easy2hard_E2H-AMC_00818,easy2hard_amc,3,391,0.32113849227973756,0,0,0.8,1.0,1.0,5372.8,6266.8,25014.2,0.001524,0.001785,0.007036,52368.0,60796.8,244643.4,high,high
easy2hard_E2H-AMC_00833,easy2hard_amc,2,379,0.29783101369410125,0,0,0.8,1.0,0.6,3248.2,2295.6,10527.0,0.000927,0.00067,0.002977,33143.2,23446.4,105074.2,high,high
easy2hard_E2H-AMC_00982,easy2hard_amc,4,306,0.7002494549602556,0,0,1.0,1.0,1.0,8065.0,12111.2,21683.4,0.002275,0.003419,0.006101,79712.6,111856.0,211986.8,low,low
easy2hard_E2H-AMC_01007,easy2hard_amc,2,498,0.2166714410437161,0,0,1.0,1.0,0.6,11016.0,19939.4,23537.8,0.003107,0.005616,0.006626,101874.8,187322.0,228846.6,low,low
easy2hard_E2H-AMC_01022,easy2hard_amc,5,131,0.7576958352046159,0,0,1.0,1.0,1.0,5740.4,6511.4,10479.8,0.001617,0.001844,0.002957,49424.4,54864.4,98159.2,low,low
easy2hard_E2H-AMC_01105,easy2hard_amc,3,147,0.3651552745919018,0,0,0.0,0.4,0.4,523.0,361.2,459.4,0.000158,0.000124,0.000153,5140.2,3662.2,4518.2,high,high
easy2hard_E2H-AMC_01139,easy2hard_amc,2,101,0.2867691981820786,0,0,1.0,1.0,1.0,736.2,1235.2,1656.6,0.000218,0.000369,0.000489,6362.0,11058.8,13880.8,low,low
easy2hard_E2H-AMC_01163,easy2hard_amc,5,307,0.7187853894797412,0,0,1.0,1.0,0.8,2587.2,3059.2,6555.8,0.000744,0.000887,0.001868,20755.4,26071.6,55446.2,low,low
easy2hard_E2H-AMC_01171,easy2hard_amc,4,352,0.5689325623877296,0,0,1.0,1.0,1.0,1298.0,1708.2,2381.2,0.000384,0.00051,0.0007,11265.4,14264.6,22409.0,low,low
easy2hard_E2H-AMC_01172,easy2hard_amc,1,348,0.14002747472046437,0,0,0.0,0.0,0.0,1606.2,642.8,1597.4,0.000469,0.00021,0.000479,16415.8,6424.6,15440.6,high,high
easy2hard_E2H-AMC_01205,easy2hard_amc,1,226,0.19788190751795492,0,0,1.0,1.0,1.0,455.8,532.4,594.8,0.000141,0.000174,0.000193,5180.6,5943.0,6868.2,low,low
easy2hard_E2H-AMC_01206,easy2hard_amc,2,173,0.24487270899937152,0,0,1.0,1.0,1.0,959.8,691.4,995.6,0.00028,0.000216,0.000303,9312.0,6828.2,9605.8,high,high
easy2hard_E2H-AMC_01230,easy2hard_amc,4,171,0.6165737811512877,0,0,0.8,1.0,1.0,25049.6,25693.2,29090.8,0.007028,0.007219,0.008172,258886.8,254958.8,303406.0,high,high
easy2hard_E2H-AMC_01246,easy2hard_amc,5,100,0.7062694089246391,0,0,1.0,1.0,1.0,3273.4,4787.2,6360.2,0.000927,0.001362,0.001804,35065.2,49024.6,68021.4,low,low
easy2hard_E2H-AMC_01311,easy2hard_amc,1,361,0.0930869370380453,0,0,0.6,0.8,1.0,321.2,237.8,362.2,0.000107,9.5e-05,0.000131,4112.0,3218.6,4562.2,max,max
easy2hard_E2H-AMC_01370,easy2hard_amc,3,256,0.35442880990114445,0,0,1.0,1.0,1.0,13601.8,13081.4,18304.4,0.003822,0.003687,0.005152,119143.2,242168.8,834259.2,high,high
easy2hard_E2H-AMC_01422,easy2hard_amc,2,202,0.2832828863018224,0,0,1.0,1.0,1.0,354.4,879.0,708.6,0.000112,0.00027,0.000224,3440.0,8065.4,6549.4,low,low
easy2hard_E2H-AMC_01439,easy2hard_amc,3,258,0.40808793910364677,0,0,0.0,0.4,1.0,1462.4,1143.8,2289.2,0.000424,0.000346,0.000669,282208.4,10690.4,20218.0,max,max
easy2hard_E2H-AMC_01462,easy2hard_amc,4,752,0.638712674950658,0,0,1.0,1.0,1.0,17123.6,23334.2,37052.2,0.004826,0.006576,0.010419,168199.8,215809.2,381339.8,low,low
easy2hard_E2H-AMC_01465,easy2hard_amc,1,176,0.19900922569211885,0,0,1.0,1.0,1.0,227.2,154.4,152.4,7.6e-05,6.7e-05,6.8e-05,2471.2,2062.0,2196.6,max,max
easy2hard_E2H-AMC_01517,easy2hard_amc,4,151,0.5260184792502807,0,0,1.0,1.0,1.0,1064.0,1111.0,1713.4,0.00031,0.000335,0.000505,9878.0,9731.0,16371.2,low,low
easy2hard_E2H-AMC_01543,easy2hard_amc,4,398,0.6407352394180712,0,0,1.0,1.0,1.0,3090.0,7157.4,10732.6,0.000886,0.002036,0.003039,33952.2,73493.4,116224.4,low,low
easy2hard_E2H-AMC_01706,easy2hard_amc,5,697,0.846783424820395,0,0,0.0,0.0,0.0,28209.4,47580.4,43336.4,0.007926,0.013361,0.012175,307983.4,486740.2,463996.4,low,low
easy2hard_E2H-AMC_01755,easy2hard_amc,3,250,0.33087738783798093,0,0,1.0,1.0,1.0,1152.8,1828.0,2686.2,0.000343,0.000543,0.000785,9733.8,15521.0,23143.4,low,low
easy2hard_E2H-AMC_01758,easy2hard_amc,5,305,0.8305227169618877,0,0,0.0,0.0,0.0,1875.2,2412.6,4265.6,0.000552,0.000713,0.001234,15049.8,20665.4,38983.8,low,low
easy2hard_E2H-AMC_01778,easy2hard_amc,3,845,0.30615832349377065,0,0,0.0,0.0,0.0,5941.8,6115.0,13641.8,0.00172,0.00178,0.00389,50489.8,51468.0,132090.2,low,low
easy2hard_E2H-AMC_01787,easy2hard_amc,5,228,0.7302083392250834,0,0,1.0,1.0,1.0,1733.2,2270.2,4590.2,0.000501,0.000663,0.001314,17224.6,24102.4,49225.0,low,low
easy2hard_E2H-AMC_01804,easy2hard_amc,3,294,0.36753428851419534,0,0,1.0,1.0,1.0,3040.4,1948.6,3103.6,0.000867,0.000572,0.000898,27809.0,18936.8,30455.8,high,high
easy2hard_E2H-AMC_01869,easy2hard_amc,4,92,0.6766951185863175,0,0,1.0,1.0,1.0,736.8,858.4,790.2,0.000217,0.000262,0.000244,6790.0,8180.8,7302.8,low,low
easy2hard_E2H-AMC_01872,easy2hard_amc,3,115,0.49954482578654485,0,0,1.0,1.0,1.0,2889.2,4494.0,5149.4,0.000818,0.001278,0.001464,29896.8,46377.6,56065.4,low,low
easy2hard_E2H-AMC_01949,easy2hard_amc,3,140,0.32715880299571715,0,0,1.0,1.0,0.8,777.0,1074.4,6227.0,0.000228,0.000322,0.001767,7464.8,10224.2,61037.4,low,low
easy2hard_E2H-AMC_01952,easy2hard_amc,3,60,0.33801891762254055,0,0,1.0,1.0,1.0,92.8,88.0,92.0,3.4e-05,4.4e-05,4.7e-05,1380.2,1474.6,1377.8,high,high
easy2hard_E2H-AMC_01990,easy2hard_amc,4,371,0.6633506571429243,0,0,0.2,0.6,0.0,8246.2,8446.6,14040.4,0.002338,0.002405,0.003973,71818.2,70927.6,133177.6,high,high
easy2hard_E2H-AMC_02180,easy2hard_amc,2,545,0.2699011658757517,0,0,1.0,1.0,1.0,4161.4,4594.0,12196.0,0.001203,0.001335,0.003465,40552.6,45402.2,120609.2,low,low
easy2hard_E2H-AMC_02195,easy2hard_amc,2,235,0.24112184562504377,0,0,1.0,1.0,1.0,2559.4,1303.8,1378.2,0.000731,0.000391,0.000413,23165.2,11887.0,13336.8,high,high
easy2hard_E2H-AMC_02226,easy2hard_amc,1,108,0.19185530598768682,0,0,1.0,1.0,1.0,119.4,117.4,130.6,4.5e-05,5.5e-05,6.1e-05,1730.6,1680.8,1880.6,high,high
easy2hard_E2H-AMC_02232,easy2hard_amc,5,179,0.7166691109902228,0,0,1.0,1.0,1.0,217.6,244.0,262.6,7.5e-05,9.4e-05,0.000101,2452.8,2756.4,2712.4,low,low
easy2hard_E2H-AMC_02288,easy2hard_amc,5,220,0.7750192509400089,0,0,1.0,1.0,1.0,15494.2,16627.8,29365.2,0.004352,0.004681,0.008249,164618.0,163305.8,311075.0,low,low
easy2hard_E2H-AMC_02316,easy2hard_amc,2,108,0.2411595042861507,0,0,1.0,1.0,1.0,386.2,414.6,553.2,0.000118,0.000137,0.000178,3574.6,3965.4,5255.4,low,low
easy2hard_E2H-AMC_02317,easy2hard_amc,3,163,0.4695693712603573,0,0,1.0,1.0,1.0,1036.0,799.0,859.6,0.000305,0.00025,0.000269,10499.2,8130.6,8825.2,high,high
easy2hard_E2H-AMC_02639,easy2hard_amc,2,139,0.24062649969560496,0,0,1.0,1.0,1.0,1213.0,951.8,1726.0,0.000351,0.000288,0.000507,12418.2,9493.2,17896.2,high,high
easy2hard_E2H-AMC_02662,easy2hard_amc,3,59,0.45130149933886965,0,0,0.2,0.2,0.0,515.6,1083.2,1131.0,0.000152,0.000322,0.000337,5408.8,11386.8,12396.0,low,low
easy2hard_E2H-AMC_02664,easy2hard_amc,5,446,0.8425272182337594,0,0,1.0,1.0,1.0,1558.0,3434.2,7880.6,0.000467,0.001004,0.002251,12949.6,29030.8,74355.8,low,low
easy2hard_E2H-AMC_02787,easy2hard_amc,1,1114,0.08285032118719092,0,0,1.0,1.0,1.0,5767.8,5802.2,13061.8,0.001673,0.001694,0.003728,56225.2,58036.8,144487.2,low,low
easy2hard_E2H-AMC_02852,easy2hard_amc,2,340,0.29797846478645856,0,0,1.0,1.0,1.0,6766.4,2769.4,6656.2,0.00191,0.000802,0.001892,70978.0,28390.6,67624.6,high,high
easy2hard_E2H-AMC_02864,easy2hard_amc,4,126,0.5196337162255144,0,0,1.0,1.0,1.0,973.2,994.8,1251.8,0.000285,0.000302,0.000375,10537.2,11065.4,14508.8,low,low
easy2hard_E2H-AMC_02935,easy2hard_amc,2,207,0.23553607571819365,0,0,1.0,1.0,1.0,676.0,391.8,657.8,0.000202,0.000133,0.00021,6730.8,4137.4,6899.8,high,high
easy2hard_E2H-AMC_02989,easy2hard_amc,1,363,0.1353251109089588,0,0,0.0,0.0,0.0,15410.6,12165.2,20658.2,0.004345,0.003447,0.005827,186290.6,131271.8,236905.8,high,high
easy2hard_E2H-AMC_03005,easy2hard_amc,4,423,0.5422437553664943,0,0,1.0,1.0,1.0,507.0,741.8,1338.0,0.000162,0.000239,0.000408,4868.2,7437.6,13442.8,low,low
easy2hard_E2H-AMC_03056,easy2hard_amc,3,131,0.432081161281796,0,0,1.0,1.0,1.0,2403.8,2940.8,5314.6,0.000684,0.000846,0.001512,25181.2,30830.8,56756.0,low,low
easy2hard_E2H-AMC_03083,easy2hard_amc,2,132,0.2535994116496956,0,0,1.0,1.0,1.0,2946.8,2159.0,3688.0,0.000836,0.000626,0.001056,29056.0,20664.8,36462.2,high,high
easy2hard_E2H-AMC_03103,easy2hard_amc,5,159,0.7607937056033203,0,0,1.0,1.0,1.0,5336.0,7603.0,11765.0,0.001505,0.002151,0.003318,54321.6,77261.8,121415.4,low,low
easy2hard_E2H-AMC_03140,easy2hard_amc,2,214,0.25691884956345806,0,0,0.2,1.0,0.8,760.8,391.8,434.2,0.000225,0.000132,0.000146,7971.4,4459.0,5039.6,high,high
easy2hard_E2H-AMC_03181,easy2hard_amc,4,245,0.5258284058382668,0,0,1.0,1.0,1.0,1337.2,2182.8,3135.8,0.000394,0.000642,0.000911,12518.4,20224.4,31071.4,low,low
easy2hard_E2H-AMC_03220,easy2hard_amc,1,281,0.05143072385213076,0,0,1.0,1.0,1.0,2244.4,1281.6,1264.8,0.000645,0.000387,0.000384,21365.2,12455.6,11787.2,max,max
easy2hard_E2H-AMC_03238,easy2hard_amc,4,451,0.5340207170294095,0,0,1.0,1.0,1.0,1326.8,2874.0,9606.4,0.000399,0.000844,0.002731,16111.8,33115.6,109402.6,low,low
easy2hard_E2H-AMC_03249,easy2hard_amc,5,242,0.7529947673147298,0,0,0.8,0.8,1.0,22979.0,46879.2,39184.8,0.006449,0.013152,0.011,367924.6,410843.0,394508.8,max,max
easy2hard_E2H-AMC_03324,easy2hard_amc,5,311,0.8117964127225844,0,0,1.0,1.0,0.8,13016.2,24354.4,29307.2,0.003664,0.006849,0.008238,138527.8,246599.6,313268.0,low,low
easy2hard_E2H-AMC_03362,easy2hard_amc,2,311,0.21700094733731287,0,0,1.0,1.0,1.0,1125.0,1601.4,1367.6,0.000334,0.000478,0.000415,11996.2,17718.6,15421.4,low,low
easy2hard_E2H-AMC_03414,easy2hard_amc,4,298,0.5124120275054999,0,0,1.0,1.0,1.0,6977.6,10770.2,23469.0,0.001971,0.003044,0.006602,70305.6,105099.8,240809.4,low,low
easy2hard_E2H-AMC_03416,easy2hard_amc,1,406,0.1892685387907711,0,0,0.6,1.0,0.6,2057.6,566.6,2849.6,0.000594,0.000187,0.000828,23290.0,6528.2,33061.6,high,high
easy2hard_E2H-AMC_03422,easy2hard_amc,5,184,0.8048097310696156,0,0,1.0,1.0,1.0,3967.8,4610.6,5877.4,0.001127,0.001318,0.001675,37905.8,43878.0,59334.0,low,low
easy2hard_E2H-AMC_03500,easy2hard_amc,5,395,0.7665024419913112,0,0,0.2,0.2,0.0,8189.0,6405.8,25596.4,0.002312,0.001824,0.007199,88114.8,63243.2,269743.4,high,high
easy2hard_E2H-AMC_03578,easy2hard_amc,2,437,0.28437750209621004,0,0,1.0,1.0,1.0,1174.4,2254.6,3801.2,0.000353,0.000667,0.001102,12359.4,23028.0,38553.0,low,low
easy2hard_E2H-AMC_03587,easy2hard_amc,4,251,0.6633506571429243,0,0,0.0,0.0,0.0,8729.2,15918.2,24110.0,0.002459,0.004484,0.006779,86774.0,156261.8,257687.6,low,low
easy2hard_E2H-AMC_03597,easy2hard_amc,2,109,0.26265743413369097,0,0,0.2,0.0,0.4,555.8,278.4,566.2,0.000166,9.9e-05,0.000182,5837.0,3231.2,6014.4,max,max
easy2hard_E2H-AMC_03629,easy2hard_amc,5,386,0.7144440961442543,0,0,1.0,1.0,1.0,7149.2,17676.0,32322.8,0.002025,0.004984,0.009087,68627.8,159958.4,319649.0,low,low
easy2hard_E2H-AMC_03675,easy2hard_amc,2,695,0.29832393249109174,0,0,0.0,0.0,0.0,1280.2,1721.6,5977.4,0.000404,0.000538,0.001732,13405.6,18096.2,61621.6,low,low
easy2hard_E2H-AMC_03740,easy2hard_amc,3,256,0.33702535679265244,0,0,1.0,1.0,1.0,9592.6,19297.8,26782.4,0.002703,0.005431,0.007529,89324.4,167906.0,268537.2,low,low
easy2hard_E2H-AMC_03742,easy2hard_amc,5,164,0.7026852017304607,0,0,0.8,1.0,1.0,804.6,1435.0,1198.4,0.000239,0.000426,0.000362,7062.0,12518.2,10880.8,max,max
easy2hard_E2H-AMC_03761,easy2hard_amc,1,358,0.14624167564655408,0,0,0.8,0.6,0.8,142.8,110.6,107.6,5.6e-05,5.9e-05,5.9e-05,1868.2,1668.6,1771.2,max,max
easy2hard_E2H-AMC_03774,easy2hard_amc,1,182,0.19509050245476323,0,0,0.8,1.0,1.0,624.0,267.0,549.0,0.000188,9.9e-05,0.00018,5990.2,2858.8,5471.8,high,high
easy2hard_E2H-AMC_03776,easy2hard_amc,1,80,0.1949661225720973,0,0,1.0,1.0,1.0,116.4,216.4,312.6,4.3e-05,8.2e-05,0.00011,1893.2,2843.2,3612.4,low,low
easy2hard_E2H-AMC_03879,easy2hard_amc,2,306,0.2817192332442964,0,0,1.0,1.0,1.0,5812.2,2126.6,4754.8,0.001643,0.000622,0.00136,57662.2,21190.2,47621.4,high,high
easy2hard_E2H-AMC_03902,easy2hard_amc,3,839,0.35762860369487526,0,0,0.0,0.0,0.0,3624.6,5571.8,15636.0,0.001068,0.001625,0.004444,36808.6,54152.4,161065.6,low,low
easy2hard_E2H-AMC_03944,easy2hard_amc,4,184,0.6964062624634387,0,0,1.0,1.0,1.0,3611.0,4388.6,3748.4,0.001024,0.001253,0.001076,39511.8,44236.8,40205.8,low,low
gpqa_000,gpqa_diamond,1,262,0.5,0,0,0.4,0.0,0.0,8243.6,6704.2,10938.2,0.002323,0.001903,0.00309,83971.4,65549.8,109824.8,low,low
gpqa_001,gpqa_diamond,1,307,0.5,0,0,1.0,1.0,1.0,9889.0,6298.6,15074.6,0.002786,0.001792,0.004251,107190.4,64943.0,168356.0,high,high
gpqa_002,gpqa_diamond,1,354,0.5,0,0,0.0,0.0,0.0,2026.0,4334.2,15468.2,0.000586,0.001244,0.004363,19881.4,41387.2,163415.0,low,low
gpqa_003,gpqa_diamond,1,174,0.5,0,0,0.0,0.4,0.4,4685.8,556.8,6485.8,0.001323,0.000178,0.00184,46187.0,6071.2,67549.2,high,high
gpqa_004,gpqa_diamond,1,817,0.5,0,0,0.0,0.0,0.0,2120.4,4479.2,11752.4,0.000632,0.001304,0.003342,20236.4,39902.8,114077.4,low,low
gpqa_005,gpqa_diamond,1,181,0.5,0,0,0.0,0.0,0.4,7931.0,5284.4,17310.8,0.002235,0.001505,0.004874,75999.0,49840.2,167471.6,max,max
gpqa_006,gpqa_diamond,1,380,0.5,0,0,0.6,0.8,0.4,2917.8,5248.4,17298.4,0.000835,0.001499,0.004874,28902.8,51358.6,187274.4,high,high
gpqa_007,gpqa_diamond,1,1154,0.5,0,0,0.2,0.4,0.2,15231.2,40516.2,28483.4,0.004313,0.011404,0.008036,167874.4,422811.4,304334.2,high,high
gpqa_008,gpqa_diamond,1,205,0.5,0,0,1.0,0.2,0.8,17713.0,31240.2,46245.0,0.00498,0.008779,0.012982,189233.2,7916468.8,8059009.0,low,low
gpqa_009,gpqa_diamond,1,343,0.5,0,0,1.0,1.0,1.0,843.4,244.0,492.8,0.000254,9.7e-05,0.000169,9168.4,3136.8,5577.6,high,high
gpqa_010,gpqa_diamond,1,139,0.5,0,0,0.8,0.8,1.0,2290.0,2435.2,5661.8,0.000652,0.000704,0.001609,24680.8,26712.0,61759.4,max,max
gpqa_011,gpqa_diamond,1,144,0.5,0,0,0.0,0.0,0.0,4402.4,1683.4,8578.2,0.001245,0.000495,0.002427,40540.6,15449.6,81874.6,high,high
gpqa_012,gpqa_diamond,1,564,0.5,0,0,0.4,0.6,0.6,19346.2,45656.8,39018.8,0.005443,0.012821,0.010964,7677927.8,15383821.0,4171809.0,max,max
gpqa_013,gpqa_diamond,1,328,0.5,0,0,0.0,0.0,0.2,5174.2,14959.4,28836.8,0.001465,0.004216,0.008103,14946843.0,3878480.4,353090.2,max,max
gpqa_014,gpqa_diamond,1,828,0.5,0,0,1.0,1.0,1.0,4391.8,884.2,8150.6,0.00126,0.000289,0.002325,46514.8,9055.6,93371.4,high,high
gpqa_015,gpqa_diamond,1,334,0.5,0,0,0.8,0.4,0.4,27444.2,35963.8,51177.8,0.007711,0.010107,0.014369,290974.6,374409.4,534700.0,low,low
gpqa_016,gpqa_diamond,1,168,0.5,0,0,0.0,0.0,0.0,5135.0,3544.4,10226.4,0.001452,0.001017,0.002891,51402.6,35612.0,108665.2,high,high
gpqa_017,gpqa_diamond,1,481,0.5,0,0,0.2,0.0,0.2,9313.6,4650.2,15706.2,0.002636,0.001342,0.004439,92205.8,45187.0,160534.2,low,low
gpqa_018,gpqa_diamond,1,737,0.5,0,0,0.0,0.0,0.0,18914.6,28284.0,42414.8,0.005327,0.007962,0.01192,210333.8,287890.2,444421.0,low,low
gpqa_019,gpqa_diamond,1,577,0.5,0,0,0.0,0.2,0.0,1813.2,805.4,7895.6,0.00053,0.000259,0.002246,18421.0,9478.0,82681.0,high,high
gpqa_020,gpqa_diamond,1,595,0.5,0,0,1.0,1.0,1.0,6605.4,2790.4,14406.2,0.001873,0.000816,0.004071,64306.0,26461.8,140312.4,high,high
gpqa_021,gpqa_diamond,1,308,0.5,0,0,0.0,0.4,0.0,7052.6,906.6,14703.6,0.00199,0.00028,0.004145,76593.4,9943.6,155412.4,high,high
gpqa_022,gpqa_diamond,1,316,0.5,0,0,0.0,0.0,0.0,21028.0,21645.6,33953.0,0.005904,0.006088,0.009536,217361.6,218768.2,459778.2,low,low
gpqa_023,gpqa_diamond,1,717,0.5,0,0,0.4,0.2,0.0,4826.2,7895.6,14211.6,0.001378,0.002249,0.004019,46040.0,71549.2,143521.6,low,low
gpqa_024,gpqa_diamond,1,515,0.5,0,0,0.0,0.2,0.0,20531.4,27825.8,30702.0,0.005772,0.007825,0.008632,208068.2,270621.4,311968.4,high,high
gpqa_025,gpqa_diamond,1,650,0.5,0,0,0.4,0.0,0.4,17166.6,23409.0,33434.6,0.004839,0.006598,0.009407,171543.4,219565.8,295959.4,low,low
gpqa_026,gpqa_diamond,1,312,0.5,0,0,0.0,0.0,0.0,4385.4,3995.0,15631.0,0.001245,0.001147,0.004407,47093.8,44684.2,159140.0,high,high
gpqa_027,gpqa_diamond,1,390,0.5,0,0,0.2,0.2,0.6,20623.4,55775.8,45910.2,0.005796,0.015649,0.012889,216456.2,476174.0,441330.6,max,max
gpqa_028,gpqa_diamond,1,1040,0.5,0,0,0.0,0.0,0.0,3109.8,2627.8,14033.0,0.00092,0.000796,0.003992,27868.4,22621.2,123290.2,high,high
gpqa_029,gpqa_diamond,1,158,0.5,0,0,0.4,0.6,0.2,8385.0,9787.4,11954.2,0.002359,0.002763,0.003371,89428.0,104283.6,108274.6,high,high
gpqa_031,gpqa_diamond,1,213,0.5,0,0,0.2,0.2,0.0,14278.4,19229.8,31534.6,0.004013,0.00541,0.008858,127555.6,186717.8,320746.2,low,low
gpqa_035,gpqa_diamond,1,285,0.5,0,0,0.0,0.0,0.0,4255.4,3331.0,12263.0,0.001208,0.00096,0.003463,42502.8,33314.4,129027.8,high,high
gpqa_036,gpqa_diamond,1,277,0.5,0,0,0.8,0.2,0.6,12987.4,10919.2,28187.6,0.003656,0.003088,0.007925,133540.4,107237.2,288503.0,low,low
gpqa_037,gpqa_diamond,1,482,0.5,0,0,0.4,0.2,0.2,17548.6,36496.0,41861.6,0.004933,0.01025,0.011754,163590.4,335843.0,377358.4,low,low
gpqa_038,gpqa_diamond,1,621,0.5,0,0,0.2,0.0,0.0,8533.8,4975.4,17764.4,0.002418,0.001433,0.005017,77834.0,46990.2,171324.2,low,low
gpqa_040,gpqa_diamond,1,302,0.5,0,0,0.0,0.4,0.6,7172.8,2204.0,14906.4,0.002024,0.000643,0.004202,63762.0,19805.4,135649.4,max,max
gpqa_042,gpqa_diamond,1,325,0.5,0,0,0.0,0.0,0.0,14822.2,22093.6,34941.8,0.004167,0.006214,0.009813,131812.2,193490.2,317852.2,low,low
gpqa_045,gpqa_diamond,1,116,0.5,0,0,0.0,0.0,0.2,13515.8,16552.4,22279.0,0.003795,0.004656,0.006261,138768.8,156552.8,217912.2,max,max
gpqa_052,gpqa_diamond,1,535,0.5,0,0,1.0,1.0,1.0,9908.2,1503.6,17165.0,0.002799,0.000456,0.004843,93971.4,13936.4,160178.2,high,high
gpqa_053,gpqa_diamond,1,120,0.5,0,0,0.6,0.6,0.2,14524.8,11914.8,22615.0,0.004078,0.003358,0.006356,123096.4,96389.8,198187.0,high,high
gpqa_054,gpqa_diamond,1,318,0.5,0,0,1.0,1.0,1.0,2019.6,957.0,2118.4,0.000587,0.0003,0.000627,18036.8,8822.0,19108.8,high,high
gpqa_056,gpqa_diamond,1,319,0.5,0,0,0.4,0.4,0.2,8668.2,14265.0,19811.0,0.002446,0.004024,0.005579,74621.0,129312.4,195455.8,low,low
gpqa_058,gpqa_diamond,1,110,0.5,0,0,0.6,0.2,0.6,5229.8,5544.4,9727.8,0.001477,0.001576,0.00275,50321.8,51555.6,94178.0,low,low
gpqa_059,gpqa_diamond,1,573,0.5,0,0,0.8,0.6,0.8,7247.4,3234.4,13729.0,0.002052,0.000939,0.00388,69930.8,29983.8,132117.8,low,low
gpqa_065,gpqa_diamond,1,155,0.5,0,0,0.4,0.2,0.0,9236.8,8222.0,16212.8,0.002598,0.002325,0.004564,101065.0,91987.2,178287.2,low,low
gpqa_067,gpqa_diamond,1,374,0.5,0,0,0.0,0.0,0.0,9426.6,12312.2,19678.2,0.002657,0.003476,0.005541,96927.4,122927.8,195727.6,low,low
gpqa_069,gpqa_diamond,1,388,0.5,0,0,0.0,0.0,0.0,21054.2,27776.0,41907.6,0.005915,0.007808,0.011767,210687.2,278433.8,456146.8,low,low
gpqa_070,gpqa_diamond,1,375,0.5,0,0,0.0,0.2,0.0,6586.6,3938.2,14724.2,0.001863,0.001133,0.004155,63993.4,36971.6,147305.6,high,high
gpqa_076,gpqa_diamond,1,552,0.5,0,0,0.0,0.0,0.0,17780.8,29078.4,37297.0,0.005008,0.008182,0.010485,186912.2,274550.0,361286.6,low,low
gpqa_078,gpqa_diamond,1,537,0.5,0,0,0.4,0.2,0.4,18429.0,22720.8,36545.4,0.005201,0.006413,0.010286,191496.2,220461.8,506380.8,low,low
gpqa_080,gpqa_diamond,1,131,0.5,0,0,0.4,0.2,0.6,17984.6,20987.8,30785.0,0.005048,0.0059,0.008645,171752.6,193808.8,289012.0,max,max
gpqa_085,gpqa_diamond,1,304,0.5,0,0,0.6,0.2,0.4,26204.8,42180.2,49445.8,0.007356,0.01184,0.013876,260930.4,378378.0,479187.4,low,low
gpqa_086,gpqa_diamond,1,279,0.5,0,0,0.6,1.0,1.0,16750.8,20482.8,27335.0,0.004705,0.005761,0.007682,152805.8,182562.2,255108.6,high,high
gpqa_087,gpqa_diamond,1,491,0.5,0,0,0.0,0.0,0.0,3036.0,2666.2,7754.0,0.000869,0.000777,0.002203,32146.6,31574.8,92092.6,high,high
gpqa_088,gpqa_diamond,1,584,0.5,0,0,0.0,0.2,0.2,30354.8,54202.0,57288.0,0.008529,0.015217,0.016084,324062.0,564387.0,618884.0,high,high
gpqa_089,gpqa_diamond,1,175,0.5,0,0,0.0,0.4,0.2,16029.0,29770.0,34731.0,0.004504,0.008362,0.009754,178756.2,314237.0,392018.4,high,high
gpqa_092,gpqa_diamond,1,879,0.5,0,0,0.8,0.4,0.6,9228.2,12351.4,21018.8,0.002625,0.003511,0.00594,107597.0,138293.4,241811.8,low,low
gpqa_097,gpqa_diamond,1,151,0.5,0,0,0.0,0.0,0.0,22505.2,14407.2,39037.0,0.006314,0.004058,0.010956,237112.0,145471.6,410003.0,high,high
gpqa_098,gpqa_diamond,1,668,0.5,0,0,0.0,0.0,0.0,9093.2,4031.8,16410.6,0.002581,0.001175,0.004643,91752.6,39402.2,177478.0,high,high
gpqa_100,gpqa_diamond,1,331,0.5,0,0,0.2,0.0,0.2,8506.6,5362.6,15410.6,0.002402,0.001533,0.004348,87834.0,56497.2,154715.2,low,low
gpqa_101,gpqa_diamond,1,1392,0.5,0,0,0.0,0.2,0.2,28418.0,37645.2,46160.6,0.008006,0.010601,0.012987,326884.2,439165.8,518418.8,high,high
gpqa_103,gpqa_diamond,1,634,0.5,0,0,0.0,0.0,0.0,7958.4,11336.2,17317.6,0.002254,0.003211,0.004887,80315.4,119268.0,190749.6,low,low
gpqa_109,gpqa_diamond,1,1554,0.5,0,0,0.8,0.4,0.8,13911.2,11966.6,23274.6,0.00396,0.003427,0.006595,147959.4,123080.8,265484.0,low,low
gpqa_110,gpqa_diamond,1,261,0.5,0,0,0.4,0.4,0.4,20639.6,23551.8,40407.6,0.005797,0.006623,0.011345,228943.2,255303.2,451799.6,low,low
gpqa_114,gpqa_diamond,1,514,0.5,0,0,0.4,0.2,0.8,8705.2,13807.0,19510.8,0.002459,0.003898,0.005497,89412.4,141780.6,207115.2,max,max
gpqa_116,gpqa_diamond,1,569,0.5,0,0,0.0,0.0,0.0,8060.4,9816.8,16552.0,0.002282,0.002785,0.004672,86524.4,95943.6,174818.4,low,low
gpqa_117,gpqa_diamond,1,91,0.5,0,0,0.0,0.0,0.0,12552.4,11857.4,29349.6,0.003524,0.003341,0.008241,137021.0,121730.4,314208.6,high,high
gpqa_118,gpqa_diamond,1,187,0.5,0,0,0.2,0.2,0.6,20921.2,59213.2,43025.6,0.005875,0.016608,0.012077,229749.2,567403.2,443193.2,max,max
gpqa_120,gpqa_diamond,1,362,0.5,0,0,0.2,0.2,0.2,26185.8,30703.2,37281.0,0.007353,0.008629,0.010473,260046.4,294584.6,399868.4,low,low
gpqa_121,gpqa_diamond,1,577,0.5,0,0,0.2,0.0,0.0,32867.6,49212.4,43056.8,0.009227,0.013815,0.012093,366464.4,528133.6,482418.4,low,low
gpqa_123,gpqa_diamond,1,447,0.5,0,0,1.0,0.8,1.0,4792.8,8048.2,11338.2,0.00136,0.002283,0.003206,53333.8,86346.4,126181.0,low,low
gpqa_127,gpqa_diamond,1,846,0.5,0,0,0.6,0.2,0.0,10960.2,18337.2,21426.8,0.003118,0.005196,0.006062,127543.6,210827.8,253259.0,low,low
gpqa_128,gpqa_diamond,1,582,0.5,0,0,0.2,0.2,0.2,17282.6,21607.8,28165.0,0.004866,0.006088,0.007926,177680.4,190112.2,272968.6,low,low
gpqa_133,gpqa_diamond,1,118,0.5,0,0,0.0,0.0,0.0,9876.0,6178.2,15695.2,0.002778,0.001754,0.00442,92070.8,53702.8,134358.8,high,high
gpqa_134,gpqa_diamond,1,345,0.5,0,0,0.0,0.8,0.2,4482.2,7762.0,26164.6,0.001275,0.002204,0.007359,48808.8,70721.6,250259.2,high,high
gpqa_136,gpqa_diamond,1,475,0.5,0,0,0.6,0.8,0.8,11805.8,17412.8,19988.4,0.003331,0.004912,0.005635,113818.4,157315.0,185375.2,high,high
gpqa_137,gpqa_diamond,1,448,0.5,0,0,0.2,0.0,0.2,7827.0,4364.6,16498.6,0.00221,0.001252,0.004651,90371.0,67774.2,183311.8,low,low
gpqa_138,gpqa_diamond,1,341,0.5,0,0,0.0,0.0,0.0,19173.8,24289.2,35479.6,0.005389,0.006832,0.009968,203552.4,205402.8,324509.2,low,low
gpqa_140,gpqa_diamond,1,133,0.5,0,0,0.0,0.0,0.0,13896.4,10672.4,22675.8,0.003902,0.00301,0.006373,135221.4,106343.2,218946.6,high,high
gpqa_144,gpqa_diamond,1,96,0.5,0,0,0.8,0.4,0.6,8812.2,8651.2,17974.0,0.002478,0.002444,0.005057,79418.4,78205.6,171839.8,low,low
gpqa_146,gpqa_diamond,1,166,0.5,0,0,0.2,0.0,0.4,4009.6,8259.8,18628.6,0.001136,0.002337,0.005242,35171.8,79852.6,191581.0,max,max
gpqa_148,gpqa_diamond,1,752,0.5,0,0,0.0,0.0,0.0,8467.6,9159.4,28569.2,0.002397,0.002601,0.008038,90387.2,99846.2,304497.0,low,low
gpqa_149,gpqa_diamond,1,269,0.5,0,0,0.0,0.0,0.0,23737.0,28442.6,43313.4,0.006669,0.007998,0.012163,245512.2,384252.6,447752.0,low,low
gpqa_150,gpqa_diamond,1,400,0.5,0,0,0.0,0.0,0.0,4486.4,6464.6,10610.8,0.001279,0.001844,0.003007,42121.6,69490.0,105821.6,low,low
gpqa_155,gpqa_diamond,1,581,0.5,0,0,0.4,0.0,0.6,11491.4,16472.0,32176.4,0.003243,0.004649,0.009048,110165.2,151124.4,300230.8,max,max
gpqa_159,gpqa_diamond,1,471,0.5,0,0,0.8,0.4,0.4,3553.0,8557.4,18641.0,0.001015,0.002427,0.005252,33040.0,79352.4,165655.4,low,low
gpqa_160,gpqa_diamond,1,985,0.5,0,0,0.0,0.0,0.0,9699.6,2956.6,21833.6,0.002749,0.000872,0.006159,166284.2,104196.2,566287.2,high,high
gpqa_169,gpqa_diamond,1,188,0.5,0,0,0.6,0.4,0.2,2340.4,6002.0,13295.2,0.00067,0.001707,0.00375,344659.2,342889.6,214809.2,low,low
gpqa_172,gpqa_diamond,1,214,0.5,0,0,0.6,0.2,0.4,7977.4,6005.8,17685.6,0.002248,0.001707,0.004979,69240.2,50012.0,151977.2,low,low
gpqa_173,gpqa_diamond,1,535,0.5,0,0,0.4,0.4,0.4,7947.6,7777.6,17481.8,0.002249,0.002212,0.004931,71218.8,66018.2,151946.2,high,high
gpqa_181,gpqa_diamond,1,438,0.5,0,0,0.4,0.4,0.2,1828.0,8703.0,13116.2,0.000533,0.00247,0.003707,19671.2,77440.6,119921.4,low,low
gpqa_182,gpqa_diamond,1,164,0.5,0,0,0.0,0.0,0.0,6864.8,8003.8,18532.0,0.001934,0.002264,0.005214,63468.8,71986.8,176074.8,low,low
gpqa_183,gpqa_diamond,1,160,0.5,0,0,0.0,0.2,0.2,27595.2,61629.8,65777.4,0.007738,0.017278,0.018443,240933.6,510761.4,594363.0,high,high
gpqa_185,gpqa_diamond,1,110,0.5,0,0,0.4,0.0,0.2,24792.8,62125.0,48749.4,0.006954,0.017417,0.013675,219074.6,532337.6,454509.6,low,low
gpqa_186,gpqa_diamond,1,935,0.5,0,0,0.6,0.4,0.6,17891.4,17408.2,39654.2,0.005052,0.004928,0.011159,185306.6,169618.2,391715.0,low,low
gpqa_189,gpqa_diamond,1,810,0.5,0,0,0.0,0.0,0.0,14532.8,18077.2,26831.2,0.0041,0.005103,0.007556,136915.6,163640.2,262221.6,low,low
gpqa_190,gpqa_diamond,1,464,0.5,0,0,0.2,0.0,0.8,18213.8,24242.6,36557.4,0.005123,0.006822,0.010272,320059.0,234339.8,363218.2,max,max
gpqa_193,gpqa_diamond,1,253,0.5,0,0,0.0,0.0,0.0,3416.2,2347.8,9255.8,0.000975,0.000687,0.002623,30793.0,21458.8,84028.2,high,high
gpqa_194,gpqa_diamond,1,539,0.5,0,0,0.0,0.6,0.2,11586.6,14908.0,23598.4,0.003268,0.004209,0.006644,117093.0,140618.4,237521.4,high,high
gpqa_195,gpqa_diamond,1,202,0.5,0,0,0.2,0.4,0.4,6575.0,8993.4,20586.6,0.001855,0.002543,0.005791,53183.6,67837.0,178909.4,high,high
lcb_0005,livecodebench,easy,822,0.3333333333333333,0,0,1.0,1.0,1.0,4867.0,6305.2,6059.2,0.001428,0.001841,0.001774,45424.6,60674.6,60309.4,low,low
lcb_0015,livecodebench,hard,939,1.0,0,0,0.0,0.0,0.0,5231.2,32640.6,17155.6,0.001609,0.009291,0.004959,49024.8,309880.6,162274.8,low,low
lcb_0018,livecodebench,hard,1269,1.0,0,0,0.0,0.0,0.0,3302.8,18900.4,7239.0,0.001044,0.005407,0.002143,33361.8,193431.0,75105.4,low,low
lcb_0020,livecodebench,medium,1003,0.6666666666666666,0,0,0.0,0.0,0.0,1263.0,5039.0,8515.8,0.000435,0.001499,0.002476,11715.2,49127.6,85046.4,low,low
lcb_0021,livecodebench,easy,2085,0.3333333333333333,0,0,0.0,0.0,0.0,993.8,1816.4,3703.2,0.000395,0.000634,0.001162,9521.4,16161.6,34421.6,low,low
lcb_0022,livecodebench,medium,1362,0.6666666666666666,0,0,0.0,0.0,0.0,786.6,1157.6,1116.2,0.000297,0.000411,0.000402,7868.4,11252.8,11965.0,low,low
lcb_0025,livecodebench,hard,1355,1.0,0,0,0.0,0.0,0.0,3190.4,33685.2,16862.6,0.000997,0.009544,0.004833,35990.4,369355.8,189015.0,low,low
lcb_0026,livecodebench,medium,1542,0.6666666666666666,0,0,0.0,0.0,0.0,10249.2,32463.2,21284.0,0.002968,0.009196,0.006069,99115.2,287202.2,179715.0,low,low
lcb_0028,livecodebench,easy,1157,0.3333333333333333,0,0,0.0,0.0,0.0,1191.8,1548.0,973.0,0.000393,0.000503,0.000344,10683.4,14255.4,8946.4,max,max
lcb_0033,livecodebench,easy,2037,0.3333333333333333,0,0,0.0,0.0,0.0,2492.2,5837.0,4165.8,0.000784,0.001732,0.001266,26671.6,58443.4,42581.0,low,low
lcb_0043,livecodebench,medium,1390,0.6666666666666666,0,0,0.0,0.0,0.0,3141.8,7955.2,4709.6,0.000954,0.002314,0.001405,26965.2,71921.6,45418.6,low,low
lcb_0045,livecodebench,medium,737,0.6666666666666666,0,0,0.0,0.0,0.0,819.2,24473.8,9164.2,0.000355,0.006981,0.002693,7990.4,218903.0,84086.4,low,low
lcb_0046,livecodebench,hard,1606,1.0,0,0,0.0,0.0,0.0,5596.8,23244.8,14323.4,0.001695,0.006635,0.004159,51374.8,367015.4,151356.0,low,low
lcb_0047,livecodebench,medium,1197,0.6666666666666666,0,0,0.0,0.0,0.0,11220.6,36484.8,26358.0,0.003227,0.010296,0.007462,106521.4,346090.2,258187.4,low,low
lcb_0049,livecodebench,medium,1657,0.6666666666666666,0,0,0.0,0.0,0.0,1112.0,5755.2,2060.4,0.000423,0.001732,0.0007,10374.4,56265.4,20749.8,low,low
lcb_0055,livecodebench,medium,1606,0.6666666666666666,0,0,0.0,0.0,0.0,2491.4,12059.0,5982.0,0.000848,0.003529,0.001835,22646.2,111371.6,57681.0,low,low
lcb_0063,livecodebench,easy,1726,0.3333333333333333,0,0,0.0,0.0,0.0,308.6,468.8,478.6,0.00017,0.000225,0.000229,3149.8,5324.6,5321.0,low,low
lcb_0064,livecodebench,medium,892,0.6666666666666666,0,0,0.0,0.0,0.0,806.6,5380.8,2484.8,0.00031,0.001602,0.000796,8093.6,49678.0,23627.4,low,low
lcb_0065,livecodebench,medium,1464,0.6666666666666666,0,0,0.0,0.0,0.0,1993.8,17405.4,12641.0,0.00067,0.004992,0.003659,16580.6,161049.4,116471.4,low,low
lcb_0066,livecodebench,hard,1301,1.0,0,0,0.0,0.0,0.0,7195.4,32191.0,23295.4,0.002113,0.009121,0.006632,77821.2,338506.0,254052.8,low,low
lcb_0067,livecodebench,easy,1515,0.3333333333333333,0,0,0.0,0.0,0.0,1033.2,2249.6,2906.0,0.000364,0.000716,0.000901,8634.0,22815.2,28096.6,low,low
lcb_0070,livecodebench,medium,1511,0.6666666666666666,0,0,0.0,0.0,0.0,1600.8,7299.0,2787.0,0.000537,0.002143,0.000881,16009.2,73621.4,29880.8,low,low
lcb_0072,livecodebench,medium,1281,0.6666666666666666,0,0,0.0,0.0,0.0,3848.2,34387.4,19372.4,0.001188,0.009735,0.00553,34968.4,317224.6,175637.2,low,low
lcb_0075,livecodebench,medium,1755,0.6666666666666666,0,0,0.0,0.0,0.0,10002.4,14903.0,10759.8,0.002931,0.004286,0.003126,88534.0,140099.2,103284.2,low,low
lcb_0077,livecodebench,hard,1897,1.0,0,0,0.0,0.0,0.0,17297.4,47153.6,30375.6,0.004961,0.01333,0.008633,163943.4,465549.8,310714.8,low,low
lcb_0079,livecodebench,hard,1177,1.0,0,0,0.0,0.0,0.0,8496.6,52500.4,34965.4,0.002568,0.014915,0.009981,91252.6,565934.2,381586.8,low,low
lcb_0080,livecodebench,hard,1385,1.0,0,0,0.0,0.0,0.0,13855.6,53796.2,38160.4,0.004004,0.015198,0.010816,158411.8,616040.2,457133.2,low,low
lcb_0084,livecodebench,easy,1374,0.3333333333333333,0,0,0.0,0.0,0.0,320.6,234.0,404.0,0.000166,0.000149,0.000198,3674.6,3387.6,4908.8,high,high
lcb_0086,livecodebench,easy,776,0.3333333333333333,0,0,0.0,0.0,0.0,303.2,937.2,426.0,0.000157,0.000344,0.000203,3405.8,9233.6,4815.6,low,low
lcb_0091,livecodebench,easy,1168,0.3333333333333333,0,0,0.0,0.0,0.0,1372.0,2004.2,2500.4,0.00045,0.000635,0.000776,13418.6,18218.0,24118.0,low,low
lcb_0094,livecodebench,medium,1316,0.6666666666666666,0,0,0.0,0.0,0.0,1868.8,20537.8,18095.8,0.000674,0.005902,0.005218,17496.6,184428.0,162034.2,low,low
lcb_0097,livecodebench,easy,899,0.3333333333333333,0,0,0.0,0.0,0.0,307.4,528.2,319.0,0.000146,0.000217,0.000161,3327.8,5468.6,3999.4,low,low
lcb_0102,livecodebench,easy,933,0.3333333333333333,0,0,0.0,0.0,0.0,370.8,540.0,375.0,0.000157,0.000215,0.000171,4193.4,6347.0,4527.2,low,low
lcb_0106,livecodebench,easy,1102,0.3333333333333333,0,0,0.0,0.0,0.0,743.2,987.0,1188.6,0.000281,0.00036,0.000417,6321.6,8705.8,10612.2,low,low
lcb_0108,livecodebench,medium,1386,0.6666666666666666,0,0,0.0,0.0,0.0,5367.2,22849.0,17248.0,0.001584,0.006491,0.004921,45156.2,194818.2,155546.2,low,low
lcb_0112,livecodebench,medium,1796,0.6666666666666666,0,0,0.0,0.0,0.0,2268.2,27356.0,20221.0,0.00075,0.007777,0.005784,21515.4,247346.6,185802.8,low,low
lcb_0113,livecodebench,medium,2019,0.6666666666666666,0,0,0.0,0.0,0.0,3862.8,18589.0,11328.4,0.001193,0.005327,0.003296,36784.4,174493.0,104340.8,low,low
lcb_0117,livecodebench,easy,2002,0.3333333333333333,0,0,0.0,0.0,0.0,863.8,1478.4,1518.4,0.00035,0.000532,0.000545,7546.4,13537.4,13827.2,low,low
lcb_0120,livecodebench,easy,1440,0.3333333333333333,0,0,0.0,0.0,0.0,531.0,429.6,1125.6,0.000242,0.000224,0.000421,4549.6,4274.6,10290.6,high,high
lcb_0121,livecodebench,medium,1250,0.6666666666666666,0,0,0.0,0.0,0.0,1310.4,4627.6,1796.4,0.000436,0.001376,0.000584,12706.0,44171.6,17771.2,low,low
lcb_0132,livecodebench,easy,775,0.3333333333333333,0,0,0.0,0.0,0.0,2099.2,7563.6,7017.4,0.000664,0.002202,0.002052,16846.8,65840.6,60333.8,low,low
lcb_0133,livecodebench,medium,1140,0.6666666666666666,0,0,0.0,0.0,0.0,3921.6,21516.8,14401.6,0.001199,0.006138,0.004141,32771.6,180827.4,120018.2,low,low
lcb_0140,livecodebench,hard,959,1.0,0,0,0.0,0.0,0.0,3670.6,24982.4,15540.0,0.001122,0.007094,0.004452,35927.8,240571.2,152412.6,low,low
lcb_0144,livecodebench,easy,1178,0.3333333333333333,0,0,0.0,0.0,0.0,315.4,203.2,228.2,0.000157,0.000136,0.000145,3096.4,2630.8,2956.2,high,high
lcb_0146,livecodebench,hard,3561,1.0,0,0,0.0,0.0,0.0,8327.2,33375.2,23107.2,0.002568,0.009585,0.006709,79474.8,306124.4,220315.4,low,low
lcb_0147,livecodebench,medium,1447,0.6666666666666666,0,0,0.0,0.0,0.0,457.0,1916.2,1981.2,0.000233,0.00065,0.000668,4918.4,18752.6,20099.8,low,low
lcb_0148,livecodebench,easy,1228,0.3333333333333333,0,0,0.0,0.0,0.0,424.8,653.0,787.4,0.000189,0.000265,0.000304,4361.8,6640.4,8052.6,low,low
lcb_0149,livecodebench,easy,1184,0.3333333333333333,0,0,0.0,0.0,0.0,597.4,844.8,1090.8,0.00026,0.000346,0.000414,6202.4,8334.0,11440.2,low,low
lcb_0154,livecodebench,hard,3041,1.0,0,0,0.0,0.0,0.0,23164.2,65286.6,63876.2,0.006755,0.01842,0.01823,268021.4,727662.2,729774.4,low,low
lcb_0155,livecodebench,medium,1196,0.6666666666666666,0,0,0.0,0.0,0.0,469.0,1585.8,927.8,0.000224,0.000546,0.000363,4812.2,14765.0,9158.8,low,low
lcb_0157,livecodebench,easy,1066,0.3333333333333333,0,0,0.0,0.0,0.0,931.8,2579.8,1922.8,0.000337,0.000808,0.000625,8809.2,24637.0,18653.0,low,low
lcb_0159,livecodebench,medium,1891,0.6666666666666666,0,0,0.0,0.0,0.0,8931.6,46051.0,22503.8,0.002639,0.01304,0.00645,86731.2,431143.0,215177.6,low,low
lcb_0161,livecodebench,hard,1795,1.0,0,0,0.0,0.0,0.0,12461.8,48470.8,36865.4,0.003669,0.013775,0.010504,115405.4,455936.8,347389.8,low,low
lcb_0162,livecodebench,medium,2705,0.6666666666666666,0,0,0.0,0.0,0.0,12620.8,34488.2,25298.2,0.003678,0.009807,0.007238,127584.2,332502.2,253749.4,low,low
lcb_0165,livecodebench,medium,1411,0.6666666666666666,0,0,0.0,0.0,0.0,1452.8,2524.0,1110.6,0.000487,0.000797,0.000403,13965.0,24158.8,11911.8,max,max
lcb_0175,livecodebench,medium,1744,0.6666666666666666,0,0,0.0,0.0,0.0,4804.8,30971.0,10886.6,0.001467,0.008798,0.003174,40518.8,282831.0,98777.6,low,low
lcb_0177,livecodebench,medium,1941,0.6666666666666666,0,0,0.0,0.0,0.0,10634.8,30446.4,26098.2,0.003076,0.008644,0.007427,100733.8,279584.0,239836.8,low,low
lcb_0179,livecodebench,medium,1190,0.6666666666666666,0,0,0.0,0.0,0.0,13051.6,49830.6,35563.4,0.003769,0.014068,0.01007,116659.0,459502.8,460718.2,low,low
lcb_0186,livecodebench,easy,889,0.3333333333333333,0,0,0.0,0.0,0.0,1726.4,2178.0,1617.0,0.000537,0.000676,0.000519,15752.4,20524.4,15918.2,max,max
lcb_0188,livecodebench,easy,1358,0.3333333333333333,0,0,0.0,0.0,0.0,381.6,341.0,233.8,0.000177,0.000177,0.000148,3992.8,4033.4,3021.2,max,max
lcb_0194,livecodebench,hard,2404,1.0,0,0,0.0,0.0,0.2,11712.2,65348.0,58707.8,0.003655,0.01847,0.01685,116409.0,725046.2,655102.4,max,max
lcb_0199,livecodebench,medium,1635,0.6666666666666666,0,0,1.0,1.0,1.0,2183.4,14609.6,7518.2,0.00074,0.004226,0.002243,18153.0,140280.4,74040.4,low,low
lcb_0210,livecodebench,medium,2195,0.6666666666666666,0,0,1.0,1.0,0.8,4237.6,30232.2,22282.4,0.001375,0.008664,0.006439,39593.6,302571.6,223158.4,low,low
lcb_0212,livecodebench,easy,1128,0.3333333333333333,0,0,1.0,1.0,1.0,1479.2,1684.6,2139.6,0.000475,0.000538,0.000666,12421.6,16327.8,20212.6,low,low
lcb_0218,livecodebench,easy,714,0.3333333333333333,0,0,1.0,1.0,1.0,262.0,1324.6,644.8,0.000162,0.000465,0.000276,3093.2,12146.2,6874.4,low,low
lcb_0230,livecodebench,medium,1873,0.6666666666666666,0,0,1.0,1.0,1.0,2391.2,17243.2,20942.0,0.000857,0.005026,0.006069,24693.4,187133.8,221606.2,low,low
lcb_0232,livecodebench,hard,1164,1.0,0,0,1.0,1.0,1.0,6023.0,42857.8,28126.4,0.00181,0.012138,0.008008,65689.8,464243.6,304621.4,low,low
lcb_0233,livecodebench,easy,697,0.3333333333333333,0,0,1.0,1.0,1.0,620.0,4173.6,1234.0,0.000223,0.001229,0.000405,5908.6,36859.0,11527.6,low,low
lcb_0235,livecodebench,medium,1725,0.6666666666666666,0,0,1.0,1.0,1.0,3043.2,18728.4,11039.0,0.001005,0.005397,0.00324,29606.0,188977.4,113290.4,low,low
lcb_0236,livecodebench,medium,1931,0.6666666666666666,0,0,1.0,1.0,1.0,4539.4,18789.6,14694.2,0.00146,0.005443,0.004301,47618.0,189828.0,152290.4,low,low
lcb_0238,livecodebench,easy,1090,0.3333333333333333,0,0,1.0,1.0,1.0,429.2,188.6,225.6,0.000195,0.000133,0.000147,4190.6,2740.2,3034.4,high,high
lcb_0242,livecodebench,hard,1791,1.0,0,0,1.0,1.0,1.0,4876.0,20823.2,9715.6,0.001509,0.005986,0.002875,46346.2,199709.0,95290.2,low,low
lcb_0249,livecodebench,easy,637,0.3333333333333333,0,0,1.0,1.0,1.0,201.6,534.0,348.0,0.000107,0.00021,0.000159,2268.6,5465.2,3752.4,low,low
lcb_0250,livecodebench,easy,3073,0.3333333333333333,0,0,1.0,1.0,1.0,5372.8,33453.6,17879.2,0.00173,0.009561,0.005201,41159.0,285824.6,156778.0,low,low
lcb_0251,livecodebench,medium,1113,0.6666666666666666,0,0,1.0,1.0,1.0,2064.8,18109.6,13043.0,0.000693,0.005187,0.003769,19212.0,168671.4,127181.0,low,low
lcb_0253,livecodebench,hard,1616,1.0,0,0,1.0,0.4,1.0,15891.0,61025.0,48374.6,0.00473,0.017288,0.013848,169243.8,658402.8,532933.8,low,low
lcb_0256,livecodebench,medium,2209,0.6666666666666666,0,0,1.0,1.0,1.0,3548.0,16704.8,12650.8,0.001144,0.004821,0.003687,32652.6,180461.6,135915.2,low,low
lcb_0257,livecodebench,medium,1171,0.6666666666666666,0,0,1.0,1.0,1.0,5138.6,32123.4,22062.2,0.001539,0.009097,0.006282,44036.8,335767.8,264443.0,low,low
lcb_0259,livecodebench,easy,1954,0.3333333333333333,0,0,1.0,1.0,1.0,1249.8,5485.8,4679.4,0.000519,0.00171,0.001488,11152.8,48499.8,43461.6,low,low
lcb_0260,livecodebench,medium,1842,0.6666666666666666,0,0,1.0,1.0,1.0,2792.4,23404.6,17821.6,0.000934,0.006695,0.005139,25424.6,231830.4,171837.0,low,low
lcb_0261,livecodebench,medium,1916,0.6666666666666666,0,0,1.0,1.0,1.0,7220.6,35011.6,32420.2,0.00221,0.009996,0.009281,65496.6,353743.2,344743.4,low,low
lcb_0265,livecodebench,easy,1241,0.3333333333333333,0,0,1.0,1.0,1.0,367.6,323.2,331.6,0.000209,0.000204,0.00021,4159.0,4015.2,3918.2,high,high
lcb_0269,livecodebench,hard,1661,1.0,0,0,0.0,0.0,0.0,10368.6,60901.0,46287.4,0.003125,0.017264,0.01321,108943.2,670265.6,513996.4,low,low
lcb_0270,livecodebench,easy,851,0.3333333333333333,0,0,1.0,1.0,1.0,480.4,677.0,288.0,0.0002,0.000261,0.000151,4939.4,7490.0,4049.6,max,max
lcb_0272,livecodebench,medium,1598,0.6666666666666666,0,0,1.0,1.0,1.0,1682.2,18350.0,6608.2,0.0006,0.005273,0.001975,16831.2,196864.8,72568.4,low,low
lcb_0275,livecodebench,easy,1124,0.3333333333333333,0,0,1.0,1.0,1.0,1762.8,6378.8,4328.6,0.000582,0.001882,0.001311,14471.6,54924.0,37793.4,low,low
lcb_0278,livecodebench,hard,2479,1.0,0,0,0.0,0.0,0.4,12329.4,65535.8,63514.2,0.003695,0.018479,0.018087,133362.4,714558.6,682583.4,max,max
lcb_0281,livecodebench,medium,2521,0.6666666666666666,0,0,1.0,1.0,1.0,10326.0,37503.4,26217.4,0.003085,0.01068,0.007517,104578.0,419687.4,306630.8,low,low
lcb_0285,livecodebench,easy,2177,0.3333333333333333,0,0,1.0,1.0,1.0,1162.2,5054.8,3489.4,0.000459,0.001557,0.00112,10152.8,48318.6,33845.6,low,low
lcb_0296,livecodebench,medium,2442,0.6666666666666666,0,0,1.0,1.0,1.0,2910.2,18494.6,10132.0,0.001003,0.005366,0.003028,28621.4,196243.2,111646.2,low,low
lcb_0298,livecodebench,hard,1939,1.0,0,0,1.0,0.4,1.0,9661.8,58723.6,35310.8,0.002868,0.016572,0.010066,99762.0,599583.8,375121.6,low,low
lcb_0300,livecodebench,easy,801,0.3333333333333333,0,0,1.0,1.0,1.0,394.6,1208.4,1965.2,0.000173,0.000408,0.000623,4171.8,12242.6,18771.6,low,low
lcb_0306,livecodebench,medium,1512,0.6666666666666666,0,0,1.0,1.0,1.0,5214.0,18014.2,8587.6,0.00157,0.00517,0.002528,53830.6,195855.8,97706.0,low,low
lcb_0308,livecodebench,hard,1754,1.0,0,0,0.8,1.0,1.0,12289.0,45730.0,35595.2,0.00359,0.012953,0.010117,110568.6,478259.0,379086.8,max,max
lcb_0317,livecodebench,easy,637,0.3333333333333333,0,0,1.0,1.0,1.0,1056.2,3541.0,1802.8,0.000352,0.001052,0.000568,9024.6,32240.8,16199.4,low,low
lcb_0319,livecodebench,medium,1451,0.6666666666666666,0,0,1.0,1.0,0.8,847.4,23651.4,12111.6,0.000389,0.006785,0.003558,9474.8,253193.4,127805.6,low,low
lcb_0320,livecodebench,hard,1501,1.0,0,0,0.0,0.0,0.0,10711.6,58717.0,35676.4,0.003147,0.016573,0.010134,98433.4,529521.8,349986.8,low,low
lcb_0322,livecodebench,easy,1144,0.3333333333333333,0,0,1.0,1.0,1.0,3082.6,12556.2,6578.2,0.000972,0.003621,0.001955,24031.0,105890.2,55568.0,low,low
lcb_0323,livecodebench,medium,1924,0.6666666666666666,0,0,1.0,1.0,1.0,2429.2,2493.0,9329.4,0.000835,0.000853,0.002766,19296.6,21468.6,82083.6,low,low
lcb_0325,livecodebench,hard,2048,1.0,0,0,1.0,1.0,1.0,5360.2,38359.6,21976.0,0.001702,0.010984,0.006377,55627.6,340831.0,207821.2,low,low
math500_0000,math500,2,161,0.4,0,0,0.8,0.8,0.2,63.0,78.4,74.0,3.2e-05,4.7e-05,4.8e-05,1286.6,1434.2,1428.0,low,low
math500_0014,math500,1,254,0.2,0,0,0.2,0.8,0.0,328.4,367.4,559.0,0.000114,0.000136,0.000192,4396.8,4893.4,6192.6,high,high
math500_0016,math500,1,36,0.2,0,0,1.0,1.0,1.0,78.6,76.6,78.4,3e-05,4e-05,4.3e-05,1849.2,1518.2,1509.2,high,high
math500_0018,math500,1,347,0.2,0,0,0.8,1.0,1.0,6574.6,7314.0,14592.6,0.001867,0.002085,0.004125,63561.6,68895.8,144978.0,high,high
math500_0019,math500,3,139,0.6,0,0,1.0,1.0,1.0,421.4,687.6,662.4,0.00013,0.000215,0.00021,3993.2,6103.0,6383.6,low,low
math500_0025,math500,5,231,1.0,0,0,0.0,0.2,0.0,1004.6,1324.4,2461.8,0.000298,0.000399,0.000719,8362.2,10777.6,20496.6,high,high
math500_0030,math500,3,69,0.6,0,0,1.0,1.0,1.0,66.4,81.2,87.6,2.8e-05,4.3e-05,4.6e-05,1324.0,1331.0,1431.2,low,low
math500_0039,math500,3,86,0.6,0,0,1.0,1.0,1.0,153.6,114.2,156.2,5.1e-05,5.1e-05,6.5e-05,1843.2,1593.0,1940.4,high,high
math500_0046,math500,2,124,0.4,0,0,1.0,1.0,1.0,500.4,517.0,713.8,0.000151,0.000167,0.000224,4606.2,4877.4,6355.8,low,low
math500_0048,math500,2,72,0.4,0,0,1.0,1.0,1.0,103.8,95.6,110.0,3.7e-05,4.6e-05,5.2e-05,1333.6,1268.4,1456.2,high,high
math500_0051,math500,2,55,0.4,0,0,0.2,0.2,0.4,416.4,533.6,1068.8,0.00013,0.000174,0.000325,3753.0,4568.8,9159.2,max,max
math500_0052,math500,5,47,1.0,0,0,1.0,1.0,1.0,199.4,118.2,134.4,6.5e-05,5.3e-05,5.9e-05,2180.8,1730.8,1833.6,high,high
math500_0062,math500,5,295,1.0,0,0,1.0,1.0,1.0,247.6,298.4,408.4,8.7e-05,0.000112,0.000145,2846.0,3259.2,4259.6,low,low
math500_0065,math500,1,30,0.2,0,0,1.0,1.0,1.0,98.4,54.8,75.2,3.4e-05,3.3e-05,4.1e-05,1596.8,1178.2,1537.0,high,high
math500_0068,math500,4,139,0.8,0,0,1.0,1.0,0.8,473.6,530.8,1415.8,0.000146,0.000173,0.000423,5112.4,5556.0,14371.0,low,low
math500_0072,math500,2,156,0.4,0,0,1.0,1.0,1.0,105.4,90.2,101.0,3.9e-05,4.6e-05,5.1e-05,1471.2,1434.0,1484.0,high,high
math500_0074,math500,2,59,0.4,0,0,0.0,0.4,0.2,148.6,163.6,175.2,5e-05,6.6e-05,7.1e-05,1918.0,2068.0,2371.0,high,high
math500_0077,math500,1,39,0.2,0,0,1.0,1.0,1.0,55.0,59.6,60.8,2.3e-05,3.5e-05,3.7e-05,1071.2,1143.4,1236.8,low,low
math500_0079,math500,1,42,0.2,0,0,1.0,1.0,1.0,60.6,60.6,60.6,2.5e-05,3.6e-05,3.8e-05,1178.0,1246.4,1355.8,low,low
math500_0081,math500,3,187,0.6,0,0,0.8,0.8,1.0,229.4,178.8,252.2,7.6e-05,7.3e-05,9.5e-05,2274.6,1996.4,2431.0,max,max
math500_0085,math500,4,271,0.8,0,0,0.2,0.6,0.4,129.8,115.2,94.2,5e-05,5.7e-05,5.3e-05,2009.2,1506.0,1734.4,high,high
math500_0086,math500,1,136,0.2,0,0,1.0,1.0,1.0,26.2,23.0,25.8,1.8e-05,2.8e-05,3e-05,965.2,874.8,915.4,high,high
math500_0092,math500,4,183,0.8,0,0,1.0,0.8,0.8,326.4,177.0,211.8,0.000103,7.4e-05,8.4e-05,3452.6,2049.2,2447.0,low,low
math500_0106,math500,2,120,0.4,0,0,0.0,0.0,0.0,53.8,99.6,101.4,2.8e-05,5.2e-05,5.4e-05,1206.0,1446.4,1431.0,low,low
math500_0113,math500,2,51,0.4,0,0,1.0,1.0,1.0,85.4,76.6,98.4,3.3e-05,4.1e-05,4.9e-05,1202.8,1202.2,1559.2,high,high
math500_0115,math500,2,72,0.4,0,0,1.0,1.0,1.0,142.0,89.0,95.6,4.7e-05,4.4e-05,4.7e-05,1765.2,1505.8,1506.0,high,high
math500_0122,math500,3,303,0.6,0,0,0.6,0.4,0.8,99.4,91.8,79.4,4.2e-05,5.1e-05,4.9e-05,1487.4,1465.0,1437.2,max,max
math500_0123,math500,4,568,0.8,0,0,1.0,1.0,1.0,1076.0,1267.0,1355.6,0.000342,0.000406,0.000433,9299.6,10796.4,12530.6,low,low
math500_0148,math500,1,73,0.2,0,0,0.8,1.0,1.0,57.2,59.2,70.8,2.6e-05,3.7e-05,4.2e-05,1149.6,1227.6,1262.2,high,high
math500_0151,math500,5,305,1.0,0,0,1.0,1.0,1.0,163.6,383.2,339.0,7.4e-05,0.000146,0.000136,2333.6,4178.0,4268.0,low,low
math500_0152,math500,5,260,1.0,0,0,1.0,1.0,1.0,1236.2,1269.2,2205.6,0.000362,0.000383,0.000647,11508.4,11802.8,20790.4,low,low
math500_0160,math500,2,102,0.4,0,0,1.0,1.0,1.0,109.0,77.6,84.2,3.9e-05,4.1e-05,4.4e-05,1633.4,1378.2,1346.0,high,high
math500_0167,math500,1,251,0.2,0,0,0.8,1.0,1.0,67.2,42.4,49.4,3.4e-05,3.8e-05,4.2e-05,1177.4,993.0,1165.2,high,high
math500_0171,math500,1,166,0.2,0,0,0.8,0.6,0.6,55.4,43.4,63.6,2.8e-05,3.6e-05,4.3e-05,1131.0,1137.4,1230.8,low,low
math500_0172,math500,1,107,0.2,0,0,1.0,1.0,1.0,109.0,78.6,81.0,3.9e-05,4.2e-05,4.4e-05,1596.4,1362.6,1471.8,high,high
math500_0174,math500,3,79,0.6,0,0,1.0,1.0,1.0,114.8,114.2,161.8,4.1e-05,5.2e-05,6.7e-05,1534.0,1577.6,2015.8,high,high
math500_0181,math500,3,100,0.6,0,0,0.6,0.6,0.2,208.2,202.4,299.2,6.9e-05,7.9e-05,0.000107,2230.8,2415.2,3134.2,high,high
math500_0183,math500,4,225,0.8,0,0,1.0,1.0,1.0,358.4,374.6,575.6,0.000117,0.000133,0.000191,3405.6,3687.4,5346.0,low,low
math500_0187,math500,1,120,0.2,0,0,1.0,1.0,1.0,105.4,91.0,107.0,3.9e-05,4.6e-05,5.2e-05,1540.2,1465.6,1540.0,high,high
math500_0195,math500,4,113,0.8,0,0,1.0,1.0,1.0,242.8,381.0,392.0,8e-05,0.00013,0.000135,2599.6,3893.2,4153.0,low,low
math500_0199,math500,2,71,0.4,0,0,1.0,1.0,1.0,62.2,57.4,59.4,2.7e-05,3.6e-05,3.9e-05,1062.0,1146.4,1177.4,high,high
math500_0207,math500,2,143,0.4,0,0,1.0,1.0,1.0,37.6,33.4,53.4,2e-05,3e-05,3.7e-05,1058.4,1080.8,1181.0,high,high
math500_0212,math500,3,294,0.6,0,0,1.0,1.0,1.0,138.0,114.4,126.6,5.2e-05,5.7e-05,6.2e-05,1758.6,1603.0,1609.0,high,high
math500_0218,math500,2,116,0.4,0,0,1.0,1.0,1.0,40.6,40.2,40.8,2.2e-05,3.3e-05,3.5e-05,1046.2,1099.6,1150.0,high,high
math500_0223,math500,3,115,0.6,0,0,1.0,1.0,1.0,1823.2,1010.6,1667.4,0.00052,0.000303,0.000489,14689.8,8368.2,14477.0,high,high
math500_0224,math500,4,123,0.8,0,0,1.0,1.0,0.8,444.4,590.4,592.2,0.000137,0.000189,0.000192,4174.2,5462.4,6280.6,low,low
math500_0226,math500,3,113,0.6,0,0,1.0,1.0,1.0,1349.4,446.6,1349.4,0.000387,0.000145,0.000399,12971.8,4799.4,13540.2,high,high
math500_0232,math500,5,146,1.0,0,0,1.0,1.0,0.8,1234.0,1420.6,2030.8,0.00036,0.000424,0.000597,11102.6,12777.6,18737.4,low,low
math500_0235,math500,4,98,0.8,0,0,0.0,0.0,0.0,103.6,93.0,76.2,3.9e-05,4.7e-05,4.4e-05,1708.4,1306.2,1193.2,max,max
math500_0236,math500,4,94,0.8,0,0,1.0,1.0,1.0,1228.6,2780.2,2618.2,0.000355,0.000801,0.000757,9224.4,22771.4,22365.0,low,low
math500_0239,math500,5,296,1.0,0,0,1.0,1.0,1.0,4776.0,4270.6,8769.8,0.001357,0.001227,0.002488,42846.2,36468.8,78865.2,high,high
math500_0242,math500,5,301,1.0,0,0,0.0,0.0,0.0,1145.2,715.6,612.4,0.000336,0.000227,0.0002,9411.6,6380.6,5753.2,max,max
math500_0248,math500,4,132,0.8,0,0,0.0,0.2,0.0,546.6,566.0,643.8,0.000169,0.000186,0.000209,4830.8,4956.0,6174.6,high,high
math500_0264,math500,5,619,1.0,0,0,0.0,0.0,0.0,9154.2,8157.8,23697.4,0.002606,0.002338,0.006691,91109.0,76471.4,240436.8,high,high
math500_0265,math500,2,75,0.4,0,0,1.0,1.0,1.0,65.8,65.4,58.0,2.8e-05,3.9e-05,3.9e-05,1243.2,1865.0,1546.6,max,max
math500_0269,math500,3,184,0.6,0,0,1.0,1.0,1.0,109.6,94.2,108.0,4.1e-05,4.8e-05,5.3e-05,1678.0,1470.8,1771.8,high,high
math500_0272,math500,4,154,0.8,0,0,1.0,1.0,1.0,390.2,275.8,361.6,0.000121,0.0001,0.000126,3855.8,2983.8,7412.0,high,high
math500_0273,math500,4,243,0.8,0,0,0.2,0.2,0.0,224.4,187.8,236.2,7.8e-05,7.8e-05,9.4e-05,2203.0,2009.0,2390.2,high,high
math500_0275,math500,2,69,0.4,0,0,1.0,1.0,1.0,56.2,57.2,58.0,2.6e-05,3.7e-05,3.9e-05,1049.6,1059.2,1146.2,low,low
math500_0280,math500,4,141,0.8,0,0,1.0,1.0,1.0,169.6,277.6,461.0,5.8e-05,0.0001,0.000153,2049.6,3124.6,4034.0,low,low
math500_0284,math500,5,158,1.0,0,0,0.0,0.0,0.0,7732.2,7669.4,19159.8,0.002186,0.002179,0.005399,62936.6,63827.8,168793.4,high,high
math500_0285,math500,4,551,0.8,0,0,1.0,1.0,1.0,3973.8,2838.2,7165.6,0.001139,0.000832,0.002046,30474.4,25333.8,68121.4,high,high
math500_0286,math500,5,184,1.0,0,0,1.0,1.0,0.8,1651.0,6834.0,12245.8,0.000477,0.00194,0.003457,13612.0,58993.2,112865.4,low,low
math500_0310,math500,2,191,0.4,0,0,1.0,1.0,1.0,693.6,246.2,275.6,0.000208,9.4e-05,0.000104,6652.8,2668.2,2818.4,high,high
math500_0312,math500,1,72,0.2,0,0,0.0,0.0,0.0,65.6,72.8,56.6,2.7e-05,4.1e-05,3.8e-05,1252.4,1393.6,1274.6,max,max
math500_0323,math500,5,171,1.0,0,0,1.0,1.0,1.0,1044.0,1089.2,2259.0,0.000304,0.000328,0.000657,11952.4,12312.6,26352.2,low,low
math500_0330,math500,5,157,1.0,0,0,1.0,1.0,1.0,311.6,224.2,216.2,9.8e-05,8.4e-05,8.4e-05,3427.8,2908.8,2665.4,max,max
math500_0334,math500,3,76,0.6,0,0,1.0,1.0,1.0,137.0,153.2,137.4,4.8e-05,6.3e-05,6.1e-05,1712.0,1749.6,1855.8,low,low
math500_0335,math500,4,205,0.8,0,0,1.0,1.0,1.0,552.4,263.8,408.0,0.000168,9.8e-05,0.00014,4855.8,2812.2,3999.4,high,high
math500_0338,math500,3,46,0.6,0,0,1.0,1.0,0.8,289.0,232.2,224.0,8.9e-05,8.4e-05,8.3e-05,2937.2,2449.6,2501.8,high,high
math500_0342,math500,3,65,0.6,0,0,1.0,1.0,1.0,72.6,94.2,105.8,2.9e-05,4.6e-05,5.1e-05,1255.6,1403.0,1739.8,low,low
math500_0349,math500,4,167,0.8,0,0,1.0,1.0,1.0,9662.2,9015.2,17573.4,0.002716,0.002546,0.004944,104456.0,94409.0,188340.0,high,high
math500_0352,math500,4,473,0.8,0,0,0.6,0.4,0.2,1349.0,1870.2,3823.6,0.000413,0.000569,0.001118,12262.6,16424.2,35577.6,low,low
math500_0359,math500,4,206,0.8,0,0,1.0,0.8,1.0,587.8,8262.8,9405.2,0.000182,0.002344,0.002664,5330.8,77503.2,93062.2,low,low
math500_0360,math500,3,516,0.6,0,0,0.6,1.0,0.8,266.8,261.4,651.0,0.000112,0.000122,0.000233,3124.8,3159.2,6915.0,high,high
math500_0368,math500,2,162,0.4,0,0,1.0,1.0,1.0,89.6,118.8,99.6,3.5e-05,5.5e-05,5.1e-05,1571.4,1811.8,1737.2,low,low
math500_0370,math500,1,118,0.2,0,0,1.0,1.0,1.0,43.8,43.4,49.6,2.3e-05,3.4e-05,3.7e-05,1130.4,1027.8,1158.8,high,high
math500_0374,math500,1,86,0.2,0,0,1.0,1.0,1.0,71.0,49.8,53.8,2.8e-05,3.3e-05,3.6e-05,1199.6,1174.4,1146.4,high,high
math500_0378,math500,3,66,0.6,0,0,1.0,1.0,1.0,339.6,181.0,201.2,0.000103,6.9e-05,7.7e-05,3365.4,2365.2,2453.0,high,high
math500_0381,math500,5,160,1.0,0,0,1.0,1.0,0.8,1184.8,1185.8,2419.2,0.000344,0.000355,0.000702,12164.8,11815.4,25371.2,low,low
math500_0386,math500,3,61,0.6,0,0,1.0,1.0,1.0,122.6,115.0,124.6,4.2e-05,5.1e-05,5.6e-05,1568.2,1593.4,1781.0,high,high
math500_0401,math500,5,104,1.0,0,0,0.8,1.0,0.8,1302.4,2049.2,2868.4,0.000376,0.000597,0.000828,11108.4,18218.4,26718.2,high,high
math500_0404,math500,1,189,0.2,0,0,1.0,1.0,1.0,95.4,85.0,118.0,3.7e-05,4.6e-05,5.7e-05,1565.4,1383.6,1878.0,high,high
math500_0406,math500,1,44,0.2,0,0,1.0,1.0,1.0,58.4,45.0,58.6,2.3e-05,3.1e-05,3.6e-05,1162.2,1015.2,1049.8,high,high
math500_0408,math500,5,183,1.0,0,0,0.0,0.2,0.2,2464.8,868.4,2974.0,0.000707,0.000272,0.000863,24624.6,9096.8,29715.2,high,high
math500_0410,math500,2,113,0.4,0,0,1.0,1.0,1.0,196.4,189.4,208.2,6.5e-05,7.4e-05,8.1e-05,2050.0,2180.2,2299.4,high,high
math500_0424,math500,5,95,1.0,0,0,1.0,1.0,1.0,136.6,136.8,128.0,4.8e-05,6e-05,5.9e-05,1887.0,1843.2,1855.6,max,max
math500_0436,math500,4,147,0.8,0,0,1.0,1.0,1.0,457.6,528.8,591.8,0.000138,0.000169,0.000189,4062.0,4409.0,5656.0,low,low
math500_0437,math500,3,359,0.6,0,0,1.0,1.0,1.0,407.0,276.4,339.4,0.000133,0.000108,0.000127,3987.6,2786.6,3596.0,high,high
math500_0442,math500,4,46,0.8,0,0,1.0,1.0,1.0,115.0,140.2,192.8,4e-05,5.8e-05,7.5e-05,1737.0,1790.4,2081.0,low,low
math500_0451,math500,3,267,0.6,0,0,0.2,0.6,0.2,224.4,187.4,274.6,7.8e-05,7.8e-05,0.000105,2430.8,2321.2,3024.6,high,high
math500_0454,math500,5,308,1.0,0,0,1.0,1.0,1.0,1039.2,597.0,818.0,0.000312,0.000199,0.000263,9784.2,5503.0,7818.4,high,high
math500_0455,math500,2,72,0.4,0,0,1.0,1.0,1.0,48.0,36.2,57.8,2.1e-05,2.9e-05,3.7e-05,1237.0,1077.6,1239.8,high,high
math500_0457,math500,1,38,0.2,0,0,1.0,1.0,1.0,45.2,31.8,39.8,1.9e-05,2.7e-05,3.1e-05,1068.4,990.0,1058.8,high,high
math500_0472,math500,1,112,0.2,0,0,0.0,0.0,0.0,81.2,64.2,75.0,3.4e-05,4e-05,4.5e-05,1390.6,1077.4,1280.8,high,high
math500_0474,math500,1,110,0.2,0,0,1.0,1.0,1.0,135.2,99.6,120.8,5.1e-05,5.2e-05,6e-05,1652.0,1537.0,1740.4,high,high
math500_0485,math500,2,496,0.4,0,0,1.0,1.0,1.0,5786.4,3357.8,8011.6,0.001654,0.000986,0.00229,53699.2,30087.4,73530.8,high,high
math500_0488,math500,5,135,1.0,0,0,0.0,0.0,0.0,90.2,80.8,89.4,3.5e-05,4.4e-05,4.8e-05,1496.6,1242.8,1425.0,high,high
math500_0492,math500,3,229,0.6,0,0,1.0,1.0,1.0,165.4,190.0,166.6,6.2e-05,8e-05,7.5e-05,2203.2,2415.2,2289.8,low,low
math500_0493,math500,5,154,1.0,0,0,1.0,1.0,1.0,341.6,175.2,220.6,0.000109,7.4e-05,8.8e-05,3374.6,2168.4,2562.2,high,high
zebralogic_03272,zebralogic_grid,2,785,0.2777777777777778,8,10,0.0,0.0,0.0,1518.8,1692.6,2156.6,0.000477,0.000536,0.000667,14423.6,16090.4,20255.4,low,low
zebralogic_03289,zebralogic_grid,2,711,0.2777777777777778,7,10,0.6,1.0,0.8,1250.4,1037.2,1604.2,0.000399,0.000351,0.000511,11074.4,9956.4,15390.2,high,high
zebralogic_03299,zebralogic_grid,1,582,0.16666666666666666,3,6,0.0,0.0,0.0,445.6,443.6,409.0,0.000166,0.000177,0.000169,4656.0,4477.8,4752.8,max,max
zebralogic_03308,zebralogic_grid,1,678,0.2222222222222222,4,8,0.0,0.0,0.0,506.2,316.2,458.8,0.00019,0.000147,0.000189,5237.2,3605.6,4931.0,high,high
zebralogic_03309,zebralogic_grid,1,598,0.2222222222222222,5,8,0.0,0.0,0.0,777.6,489.4,803.0,0.000261,0.000191,0.00028,7628.0,5127.0,7899.4,high,high
zebralogic_03324,zebralogic_grid,4,1455,0.5,14,18,0.0,0.0,0.0,5561.8,9729.0,11774.2,0.001639,0.002817,0.003391,49046.4,86830.4,104021.2,low,low
zebralogic_03325,zebralogic_grid,3,1163,0.4166666666666667,10,15,0.0,0.4,0.4,1618.4,1841.4,1538.4,0.000524,0.000598,0.000515,14746.4,17865.0,14399.0,max,max
zebralogic_03338,zebralogic_grid,5,1750,0.6666666666666666,17,24,0.4,0.2,0.0,4202.2,5046.0,3659.8,0.00127,0.001518,0.001131,39727.8,45503.0,35015.0,low,low
zebralogic_03349,zebralogic_grid,4,1296,0.5555555555555556,13,20,0.0,0.0,0.0,6796.6,10011.8,9943.4,0.001987,0.002898,0.00288,62221.4,89749.4,91409.2,low,low
zebralogic_03358,zebralogic_grid,4,1390,0.5,13,18,0.2,0.8,1.0,8686.6,11684.0,15297.0,0.002513,0.003363,0.004376,79025.0,107130.8,140837.0,max,max
zebralogic_03370,zebralogic_grid,1,618,0.16666666666666666,4,6,0.0,0.0,0.0,1271.0,1294.6,1375.2,0.0004,0.000418,0.000442,11365.8,12515.0,13196.4,low,low
zebralogic_03371,zebralogic_grid,1,595,0.2222222222222222,6,8,0.8,0.8,0.4,696.4,1002.8,1426.6,0.000239,0.000336,0.000456,6658.4,9845.8,13434.4,low,low
zebralogic_03384,zebralogic_grid,3,1307,0.4166666666666667,10,15,0.0,0.0,0.0,3008.6,5574.0,4172.6,0.00092,0.001648,0.001258,26471.4,50637.2,37724.8,low,low
zebralogic_03386,zebralogic_grid,4,1463,0.5555555555555556,14,20,0.0,0.0,0.0,3381.6,3777.4,3548.0,0.001035,0.001156,0.001094,31565.4,35527.4,33665.2,low,low
zebralogic_03392,zebralogic_grid,3,1012,0.4166666666666667,8,15,0.4,0.4,0.2,2757.6,3116.2,5640.8,0.000838,0.00095,0.001658,25733.8,29474.6,52480.8,low,low
zebralogic_03396,zebralogic_grid,1,539,0.16666666666666666,3,6,0.0,0.2,0.0,321.4,254.4,306.0,0.000128,0.000121,0.000137,3506.2,3652.6,4090.0,high,high
zebralogic_03397,zebralogic_grid,3,1029,0.4166666666666667,7,15,0.0,0.0,0.0,2119.4,2142.8,4723.4,0.000658,0.000675,0.0014,19227.8,19337.0,41687.0,low,low
zebralogic_03411,zebralogic_grid,3,1000,0.3333333333333333,9,12,1.0,1.0,1.0,2501.2,3260.6,3885.2,0.000759,0.000983,0.001159,23859.4,31208.4,37949.4,low,low
zebralogic_03428,zebralogic_grid,1,724,0.2222222222222222,4,8,0.0,0.0,0.0,543.2,501.4,551.2,0.0002,0.000199,0.000215,5418.4,5440.0,5530.4,high,high
zebralogic_03435,zebralogic_grid,3,1118,0.4166666666666667,10,15,0.0,0.0,0.0,3474.8,4222.6,4752.8,0.00104,0.00126,0.001411,31012.2,38518.4,44109.0,low,low
zebralogic_03440,zebralogic_grid,2,777,0.3333333333333333,6,12,0.0,0.0,0.0,1515.0,1687.0,1888.8,0.000478,0.000537,0.000596,14440.2,16028.0,17746.6,low,low
zebralogic_03447,zebralogic_grid,5,1475,0.6666666666666666,16,24,0.8,0.6,0.8,4035.6,6475.6,5370.4,0.001219,0.001913,0.001605,36781.0,61958.6,52571.2,low,low
zebralogic_03463,zebralogic_grid,5,2589,1.0,27,36,0.0,0.0,0.0,22805.4,37766.2,33120.0,0.006521,0.010722,0.009422,220334.2,354962.0,312805.4,low,low
zebralogic_03472,zebralogic_grid,1,510,0.16666666666666666,4,6,0.0,0.0,0.0,461.6,337.2,570.0,0.000167,0.000143,0.00021,4971.4,3902.6,6196.0,high,high
zebralogic_03478,zebralogic_grid,3,1272,0.4444444444444444,10,16,0.0,0.0,0.0,4130.8,5042.4,6003.8,0.001229,0.001497,0.001767,38564.8,46975.0,54274.8,low,low
zebralogic_03481,zebralogic_grid,2,810,0.2777777777777778,4,10,0.0,0.0,0.0,1146.8,1540.6,1990.2,0.000373,0.000493,0.000622,10765.6,14165.2,17580.8,low,low
zebralogic_03499,zebralogic_grid,5,1998,0.6944444444444444,17,25,0.0,0.0,0.0,6254.2,7868.4,8886.4,0.001857,0.002319,0.002606,57202.6,74096.0,82149.6,low,low
zebralogic_03503,zebralogic_grid,2,794,0.2777777777777778,5,10,0.0,0.0,0.0,684.4,604.2,852.6,0.000244,0.000233,0.000304,6318.0,5655.2,7899.6,high,high
zebralogic_03520,zebralogic_grid,4,1548,0.5555555555555556,14,20,0.0,0.0,0.0,3991.0,4811.0,5356.8,0.001204,0.001447,0.0016,36184.2,43702.6,49621.4,low,low
zebralogic_03555,zebralogic_grid,1,415,0.1111111111111111,2,4,0.0,0.0,0.0,359.4,376.8,342.2,0.000134,0.00015,0.000142,3731.0,3971.4,7674.4,max,max
zebralogic_03559,zebralogic_grid,1,461,0.1111111111111111,2,4,0.8,1.0,1.0,227.2,130.4,195.2,9.6e-05,8e-05,0.0001,2858.8,2033.8,2427.8,high,high
zebralogic_03560,zebralogic_grid,4,1758,0.6666666666666666,15,24,0.0,0.0,0.0,4048.8,5273.2,5194.6,0.001231,0.001585,0.001565,37671.0,49821.8,48809.0,low,low
zebralogic_03563,zebralogic_grid,2,917,0.3333333333333333,6,12,0.0,0.4,0.2,5137.4,4914.6,4696.4,0.001493,0.001442,0.001382,48137.4,46974.6,44196.4,high,high
zebralogic_03565,zebralogic_grid,4,1432,0.5,10,18,0.0,0.0,0.0,5212.8,20932.6,15593.0,0.001539,0.005952,0.004457,48587.2,199246.8,145156.2,low,low
zebralogic_03567,zebralogic_grid,1,687,0.2222222222222222,6,8,0.4,1.0,1.0,1940.6,1859.6,2772.4,0.000588,0.000577,0.000834,15131.0,17724.2,26428.0,high,high
zebralogic_03574,zebralogic_grid,5,2077,0.6666666666666666,18,24,0.0,0.0,0.0,8882.2,10132.0,12353.4,0.002599,0.002961,0.003584,78130.8,88874.6,109178.2,low,low
zebralogic_03579,zebralogic_grid,3,1020,0.3333333333333333,8,12,0.0,0.0,0.0,2050.8,3631.0,3764.6,0.000634,0.001088,0.001127,19305.6,34184.2,37343.4,low,low
zebralogic_03595,zebralogic_grid,1,692,0.2222222222222222,6,8,0.0,0.0,0.0,1134.4,744.0,1207.2,0.000364,0.000265,0.000396,10893.4,7534.0,11956.4,high,high
zebralogic_03616,zebralogic_grid,4,1203,0.5,14,18,0.2,0.8,1.0,3396.4,4679.2,3976.0,0.001024,0.001394,0.001199,32962.2,45708.4,39012.0,max,max
zebralogic_03623,zebralogic_grid,3,1180,0.4444444444444444,12,16,0.0,0.0,0.0,2868.4,4788.0,3277.4,0.000873,0.001421,0.001,29221.4,48555.8,33408.6,low,low
zebralogic_03625,zebralogic_grid,5,1864,0.6666666666666666,18,24,0.0,0.0,0.0,4786.4,8882.8,6480.0,0.001439,0.002597,0.001926,44036.8,82402.6,60090.2,low,low
zebralogic_03627,zebralogic_grid,5,2503,0.8333333333333334,24,30,0.0,0.0,0.0,5647.8,9270.2,10333.6,0.001712,0.002736,0.003036,51796.0,83599.6,96562.2,low,low
zebralogic_03629,zebralogic_grid,2,853,0.3333333333333333,5,12,0.0,0.0,0.0,1453.4,1143.6,1308.0,0.000463,0.000387,0.000435,13302.2,10846.6,12565.2,high,high
zebralogic_03630,zebralogic_grid,4,1128,0.5,14,18,0.0,0.0,0.0,3296.2,3283.2,3633.0,0.000996,0.001002,0.001102,31855.2,31709.2,35678.0,high,high
zebralogic_03631,zebralogic_grid,1,567,0.16666666666666666,4,6,0.0,0.0,0.0,643.4,537.8,495.0,0.000219,0.0002,0.00019,6534.0,5443.4,5343.2,max,max
zebralogic_03634,zebralogic_grid,4,1460,0.5,13,18,0.0,0.0,0.0,5645.6,8098.8,8809.0,0.001669,0.002367,0.002569,52946.0,77249.2,84365.6,low,low
zebralogic_03649,zebralogic_grid,3,1047,0.4166666666666667,10,15,0.0,0.0,0.0,1013.8,879.4,1053.4,0.000348,0.000321,0.000372,10999.6,9296.6,11196.4,high,high
zebralogic_03709,zebralogic_grid,3,1292,0.4166666666666667,9,15,0.0,0.0,0.0,1470.4,1534.0,1841.2,0.000484,0.000513,0.000602,15728.0,14756.0,18106.0,low,low
zebralogic_03712,zebralogic_grid,4,1305,0.5,10,18,0.0,0.0,0.0,1940.0,2580.8,3225.0,0.000623,0.000813,0.000995,19440.2,25824.6,32508.6,low,low
zebralogic_03726,zebralogic_grid,4,1326,0.5555555555555556,13,20,0.2,0.6,0.2,2924.8,3598.0,2776.4,0.000899,0.001098,0.00087,28627.4,33440.4,26330.4,high,high
zebralogic_03727,zebralogic_grid,2,734,0.25,4,9,0.0,0.0,0.0,5295.0,7672.2,11221.2,0.001529,0.002206,0.003202,47484.2,70605.4,102433.6,low,low
zebralogic_03728,zebralogic_grid,2,969,0.3333333333333333,7,12,0.2,0.6,0.4,1464.8,1702.0,2223.4,0.000469,0.000546,0.000694,13581.0,16049.4,26971.4,high,high
zebralogic_03736,zebralogic_grid,3,889,0.3333333333333333,10,12,1.0,0.6,0.6,1782.6,2034.2,1759.0,0.000556,0.000638,0.000562,18365.0,20796.4,18530.8,low,low
zebralogic_03737,zebralogic_grid,5,2011,0.8333333333333334,17,30,0.0,0.0,0.0,9385.4,12077.4,12581.0,0.002749,0.003513,0.003657,93187.0,119162.4,129090.6,low,low
zebralogic_03746,zebralogic_grid,5,2725,1.0,25,36,0.0,0.0,0.0,9923.0,15263.2,13907.4,0.002917,0.004422,0.004044,94096.4,141987.2,131746.4,low,low
zebralogic_03750,zebralogic_grid,3,1169,0.4444444444444444,11,16,0.6,0.8,0.2,2195.2,1848.8,2548.8,0.000685,0.000599,0.000796,21705.6,19205.8,26058.6,high,high
zebralogic_03753,zebralogic_grid,2,927,0.3333333333333333,6,12,0.0,0.0,0.0,1504.0,1405.6,1868.6,0.00048,0.000463,0.000593,14143.2,13875.0,17983.8,high,high
zebralogic_03759,zebralogic_grid,5,2215,0.8333333333333334,23,30,0.0,0.0,0.0,10364.0,11821.2,11090.0,0.00302,0.003438,0.003236,100434.4,112265.0,106824.4,low,low
zebralogic_03763,zebralogic_grid,3,1271,0.4166666666666667,9,15,0.0,0.0,0.0,2400.6,1903.0,2292.4,0.000751,0.000622,0.000733,22561.6,18177.6,22287.2,high,high
zebralogic_03767,zebralogic_grid,3,961,0.3333333333333333,9,12,0.0,0.0,0.0,2810.8,4836.0,4312.6,0.00085,0.001428,0.001283,29046.6,60190.2,44199.6,low,low
zebralogic_03788,zebralogic_grid,5,2006,0.6666666666666666,18,24,0.0,0.0,0.0,7705.0,12915.2,11460.8,0.002259,0.003728,0.003323,73372.0,126752.8,112912.4,low,low
zebralogic_03821,zebralogic_grid,1,649,0.16666666666666666,3,6,0.0,0.0,0.0,415.6,356.6,394.6,0.000157,0.000151,0.000164,4440.0,4152.8,4565.8,high,high
zebralogic_03830,zebralogic_grid,2,724,0.25,4,9,0.0,0.0,0.0,1218.2,1273.2,1353.2,0.000388,0.000414,0.000438,11790.4,12812.0,13534.2,low,low
zebralogic_03846,zebralogic_grid,3,933,0.3333333333333333,8,12,0.0,0.0,0.0,1295.0,1303.6,1455.0,0.000423,0.000437,0.000481,13396.6,14127.2,15434.0,low,low
zebralogic_03866,zebralogic_grid,4,1385,0.5,15,18,0.0,0.0,0.0,9951.8,13553.8,11657.8,0.002867,0.003886,0.003357,89537.6,128837.4,110937.0,low,low
zebralogic_03868,zebralogic_grid,2,744,0.25,6,9,0.2,0.2,0.2,1187.8,835.6,1160.0,0.000381,0.000292,0.000385,11546.2,8846.4,11508.8,high,high
zebralogic_03885,zebralogic_grid,2,720,0.25,4,9,1.0,1.0,1.0,1951.8,1677.2,2106.2,0.000593,0.000527,0.000649,18721.6,16468.4,20899.6,high,high
zebralogic_03914,zebralogic_grid,5,2500,1.0,23,36,0.0,0.0,0.0,20264.8,32246.8,24034.4,0.005817,0.009181,0.006883,195986.6,309359.2,241877.6,low,low
zebralogic_03936,zebralogic_grid,2,736,0.25,5,9,0.0,0.0,0.0,4282.2,6010.8,6434.8,0.001246,0.001741,0.001861,39321.6,60040.2,64327.8,low,low
zebralogic_03948,zebralogic_grid,3,1031,0.4166666666666667,8,15,0.0,0.0,0.0,1425.2,1987.6,1296.8,0.000462,0.000631,0.00044,15421.6,21462.6,13846.2,max,max
zebralogic_03959,zebralogic_grid,4,1419,0.5,10,18,0.0,0.0,0.0,3622.6,6442.2,6026.6,0.001098,0.001898,0.001784,33708.8,59327.8,56431.0,low,low
zebralogic_03960,zebralogic_grid,2,807,0.3333333333333333,6,12,0.0,0.0,0.0,2937.6,3838.4,4754.4,0.000875,0.001139,0.001397,27265.2,35527.8,44149.6,low,low
zebralogic_03973,zebralogic_grid,1,588,0.16666666666666666,4,6,0.0,0.0,0.0,767.6,785.8,849.8,0.000258,0.000274,0.000294,6837.2,6981.0,8015.2,low,low
zebralogic_03981,zebralogic_grid,4,1439,0.5,14,18,0.0,0.0,0.0,5312.6,5776.6,7716.6,0.001577,0.001718,0.002263,50833.6,57603.2,76068.2,low,low
zebralogic_04011,zebralogic_grid,5,2223,0.8333333333333334,23,30,0.0,0.0,0.0,7801.2,17715.6,12203.2,0.002311,0.005096,0.003555,78412.0,171577.8,115999.4,low,low
zebralogic_04023,zebralogic_grid,2,884,0.2777777777777778,5,10,0.0,0.0,0.0,1018.6,1183.6,1413.6,0.000339,0.000397,0.000462,10493.6,12393.4,14624.6,low,low
zebralogic_04030,zebralogic_grid,4,1420,0.5,12,18,0.0,0.0,0.0,4107.4,5257.4,4844.6,0.001236,0.001569,0.001455,38786.8,50897.0,47821.0,low,low
zebralogic_04032,zebralogic_grid,1,545,0.16666666666666666,3,6,0.0,0.0,0.0,358.6,339.8,390.8,0.000139,0.000145,0.000161,3852.8,3577.8,4387.4,high,high
zebralogic_04034,zebralogic_grid,3,1016,0.3333333333333333,8,12,0.0,0.0,0.0,1245.2,1383.8,1992.6,0.000414,0.000464,0.000635,12662.6,14924.2,21424.8,low,low
zebralogic_04042,zebralogic_grid,4,1341,0.5555555555555556,12,20,0.0,0.0,0.0,3569.0,4967.8,4173.8,0.001077,0.001479,0.001259,38558.6,54099.4,44771.4,low,low
zebralogic_04071,zebralogic_grid,5,1678,0.6666666666666666,17,24,0.0,0.0,0.0,10113.8,12844.6,11306.8,0.002933,0.003708,0.003278,97702.2,119990.6,109008.8,low,low
zebralogic_04096,zebralogic_grid,5,1992,0.8333333333333334,19,30,0.0,0.0,0.0,11275.8,19838.2,17681.4,0.003281,0.005689,0.005087,115009.2,205268.2,181305.8,low,low
zebralogic_04099,zebralogic_grid,4,1473,0.5555555555555556,12,20,0.0,0.0,0.0,4762.6,6865.2,5921.8,0.001419,0.002018,0.001755,47577.8,66599.8,58408.8,low,low
zebralogic_04105,zebralogic_grid,1,674,0.2222222222222222,5,8,0.0,0.0,0.0,892.0,861.2,939.2,0.000295,0.000298,0.000321,8246.4,8365.0,9087.4,high,high
zebralogic_04106,zebralogic_grid,5,1802,0.6666666666666666,16,24,0.0,0.0,0.0,4435.4,7930.0,5340.8,0.001338,0.002328,0.001605,44458.8,80865.0,53515.4,low,low
zebralogic_04112,zebralogic_grid,2,774,0.25,5,9,0.8,1.0,0.8,1247.8,1071.8,1767.4,0.000397,0.000359,0.000555,12287.0,11140.4,17568.6,high,high
zebralogic_04114,zebralogic_grid,2,744,0.25,5,9,0.0,0.0,0.0,2257.2,4142.8,3237.2,0.00068,0.001219,0.000966,20715.0,38899.4,28990.4,low,low
zebralogic_04131,zebralogic_grid,5,2656,1.0,25,36,0.0,0.0,0.0,13156.0,17562.8,19651.4,0.003822,0.005065,0.005652,125737.2,156999.6,180405.4,low,low
zebralogic_04147,zebralogic_grid,2,954,0.3333333333333333,5,12,0.0,0.0,0.0,1323.6,1089.4,2074.0,0.000429,0.000377,0.000653,12390.0,10540.4,20112.2,high,high
zebralogic_04148,zebralogic_grid,5,2774,1.0,29,36,0.0,0.0,0.0,11747.2,21240.0,18938.6,0.00343,0.0061,0.005457,336928.0,204584.4,180177.4,low,low
zebralogic_04156,zebralogic_grid,4,1342,0.5555555555555556,12,20,0.0,0.0,0.0,12199.4,22696.8,20183.2,0.003497,0.006447,0.005744,115936.6,211846.6,193418.4,low,low
zebralogic_04160,zebralogic_grid,1,662,0.16666666666666666,5,6,0.0,0.0,0.0,1614.8,1860.4,1945.6,0.000494,0.000574,0.000599,14059.0,16402.8,17865.0,low,low
zebralogic_04169,zebralogic_grid,5,2389,0.8333333333333334,21,30,0.0,0.0,0.0,16921.8,25473.0,24166.4,0.004867,0.007272,0.006908,130899.4,884808.4,603143.4,low,low
zebralogic_04186,zebralogic_grid,5,2044,0.6666666666666666,19,24,0.0,0.0,0.0,3842.2,4942.6,3989.4,0.001181,0.001499,0.001234,144534.2,46434.0,39662.0,low,low
zebralogic_04190,zebralogic_grid,3,1029,0.3333333333333333,8,12,0.4,0.4,0.2,1500.0,1203.6,3454.8,0.000483,0.000411,0.001042,15484.0,12530.8,34540.2,high,high
zebralogic_04217,zebralogic_grid,2,922,0.3333333333333333,6,12,0.6,0.6,0.4,787.6,767.0,913.0,0.000281,0.000286,0.000329,8024.6,7924.2,9349.6,high,high
zebralogic_04225,zebralogic_grid,3,969,0.3333333333333333,7,12,0.0,0.0,0.0,1393.4,1675.6,1724.8,0.000448,0.000538,0.000553,14493.6,17715.4,18024.8,low,low
zebralogic_04233,zebralogic_grid,4,1884,0.6666666666666666,15,24,0.0,0.0,0.0,6187.0,9575.2,9576.0,0.001836,0.002795,0.002796,59918.2,96624.6,96627.6,low,low
zebralogic_04234,zebralogic_grid,1,415,0.1111111111111111,2,4,0.0,0.0,0.0,284.0,173.0,322.2,0.000111,9.1e-05,0.000135,3233.6,2484.2,3811.4,high,high
zebralogic_04237,zebralogic_grid,1,542,0.16666666666666666,4,6,0.0,0.0,0.0,566.2,513.8,535.4,0.000201,0.000197,0.000205,5549.8,5377.8,5427.4,high,high
