sample_id,dataset,stratum,acc_low,acc_high,acc_max,rt_low,rt_high,rt_max
aime_000,aime,1,1.0,1.0,1.0,1320.6,837.8,1649.2
aime_001,aime,1,1.0,1.0,1.0,4279.4,11391.6,13282
aime_002,aime,1,1.0,1.0,1.0,15889.8,25377.6,30397
aime_003,aime,1,0.6,0.0,0.6,55073.6,65536,78200.2
aime_004,aime,1,1.0,1.0,1.0,5237.6,6099.2,13250.2
aime_005,aime,1,1.0,1.0,1.0,2639.4,5080.8,12431.4
aime_006,aime,1,1.0,1.0,1.0,6522.6,8879,21404.8
aime_007,aime,1,1.0,1.0,1.0,442,723,2039.8
aime_008,aime,1,1.0,1.0,1.0,3359.2,1940.6,5131.6
aime_009,aime,1,1.0,1.0,1.0,533.8,1301.6,1505.2
aime_010,aime,1,1.0,1.0,1.0,8698.6,14250.4,17565.2
aime_011,aime,1,1.0,1.0,1.0,3896.8,4320.8,12891.2
aime_012,aime,1,1.0,1.0,1.0,1179.4,798,1755.4
aime_013,aime,1,0.4,0.6,0.6,33723.2,48282.2,65511.6
aime_014,aime,1,1.0,1.0,1.0,5260,8176.6,18883.2
aime_015,aime,1,1.0,1.0,1.0,2835,1856.6,4837.8
aime_016,aime,1,1.0,1.0,1.0,2688,3369,8392.6
aime_017,aime,1,1.0,1.0,1.0,3396.6,3106.2,10087.8
aime_018,aime,1,1.0,1.0,1.0,6387.8,10764.8,22694.4
aime_019,aime,1,1.0,1.0,1.0,1460.8,2848.4,6512
aime_020,aime,1,1.0,1.0,1.0,5699.8,6300.2,19907.6
aime_021,aime,1,1.0,1.0,1.0,24437.4,48304.8,57811.6
aime_022,aime,1,1.0,1.0,1.0,5719,5122.4,7346
aime_023,aime,1,1.0,1.0,1.0,3640.2,2038,4887
aime_024,aime,1,1.0,1.0,1.0,777.6,710.6,894.2
aime_025,aime,1,1.0,1.0,1.0,12289.6,20896.2,19108.6
aime_026,aime,1,1.0,1.0,1.0,2053,1267.8,2486.4
aime_027,aime,1,1.0,0.8,0.8,7456.2,13951.6,22380.8
aime_028,aime,1,1.0,1.0,1.0,9757,11363.6,19070.4
aime_029,aime,1,1.0,1.0,1.0,11215,14832.2,25410.6
easy2hard_E2H-AMC_00037,easy2hard_amc,2,1.0,1.0,1.0,222.6,249.2,241.6
easy2hard_E2H-AMC_00125,easy2hard_amc,1,1.0,1.0,1.0,74.4,72,78.6
easy2hard_E2H-AMC_00145,easy2hard_amc,2,1.0,1.0,1.0,284.2,236.8,317.2
easy2hard_E2H-AMC_00165,easy2hard_amc,1,1.0,1.0,1.0,3518.2,792,4728.4
easy2hard_E2H-AMC_00179,easy2hard_amc,4,1.0,1.0,1.0,6089.2,12280.8,14395.2
easy2hard_E2H-AMC_00194,easy2hard_amc,1,1.0,1.0,1.0,321,336.8,693.4
easy2hard_E2H-AMC_00235,easy2hard_amc,3,0.0,0.0,0.0,12099.8,21740.6,34101.8
easy2hard_E2H-AMC_00281,easy2hard_amc,4,1.0,1.0,1.0,17887,26076.6,35202.8
easy2hard_E2H-AMC_00370,easy2hard_amc,4,1.0,1.0,1.0,14714.8,33657.6,21120.8
easy2hard_E2H-AMC_00373,easy2hard_amc,5,0.0,0.0,0.0,2117.8,2377.4,4602.6
easy2hard_E2H-AMC_00376,easy2hard_amc,4,1.0,1.0,1.0,12456.6,16953.8,29626.8
easy2hard_E2H-AMC_00460,easy2hard_amc,4,0.0,0.0,0.0,10499.2,13311.4,36344.2
easy2hard_E2H-AMC_00467,easy2hard_amc,1,1.0,1.0,1.0,1793.8,1165.4,2854
easy2hard_E2H-AMC_00497,easy2hard_amc,1,1.0,1.0,1.0,197.8,156.4,196.8
easy2hard_E2H-AMC_00504,easy2hard_amc,3,0.0,0.0,0.0,705.2,681.4,840.6
easy2hard_E2H-AMC_00515,easy2hard_amc,3,0.0,0.0,0.0,8255.6,23352.8,38897
easy2hard_E2H-AMC_00523,easy2hard_amc,1,0.0,0.0,0.0,54.4,41.2,47
easy2hard_E2H-AMC_00556,easy2hard_amc,3,0.0,0.0,0.0,5604.4,5390.6,17259.4
easy2hard_E2H-AMC_00587,easy2hard_amc,1,0.0,0.0,0.0,2922.6,1137,5680.4
easy2hard_E2H-AMC_00674,easy2hard_amc,3,1.0,1.0,1.0,404.4,557,666.6
easy2hard_E2H-AMC_00743,easy2hard_amc,1,1.0,1.0,1.0,132.8,111,162.6
easy2hard_E2H-AMC_00780,easy2hard_amc,5,0.8,1.0,0.8,8895.6,10318.2,21507
easy2hard_E2H-AMC_00782,easy2hard_amc,5,1.0,1.0,1.0,5464.8,3759.4,11172
easy2hard_E2H-AMC_00808,easy2hard_amc,5,0.4,0.2,0.0,8141,17920.2,29282.2
easy2hard_E2H-AMC_00818,easy2hard_amc,3,0.8,1.0,1.0,5372.8,6266.8,25014.2
easy2hard_E2H-AMC_00833,easy2hard_amc,2,0.8,1.0,0.6,3248.2,2295.6,10527
easy2hard_E2H-AMC_00982,easy2hard_amc,4,1.0,1.0,1.0,8065,12111.2,21683.4
easy2hard_E2H-AMC_01007,easy2hard_amc,2,1.0,1.0,0.6,11016,19939.4,23537.8
easy2hard_E2H-AMC_01022,easy2hard_amc,5,1.0,1.0,1.0,5740.4,6511.4,10479.8
easy2hard_E2H-AMC_01105,easy2hard_amc,3,0.0,0.4,0.4,523,361.2,459.4
easy2hard_E2H-AMC_01139,easy2hard_amc,2,1.0,1.0,1.0,736.2,1235.2,1656.6
easy2hard_E2H-AMC_01163,easy2hard_amc,5,1.0,1.0,0.8,2587.2,3059.2,6555.8
easy2hard_E2H-AMC_01171,easy2hard_amc,4,1.0,1.0,1.0,1298,1708.2,2381.2
easy2hard_E2H-AMC_01172,easy2hard_amc,1,0.0,0.0,0.0,1606.2,642.8,1597.4
easy2hard_E2H-AMC_01205,easy2hard_amc,1,1.0,1.0,1.0,455.8,532.4,594.8
easy2hard_E2H-AMC_01206,easy2hard_amc,2,1.0,1.0,1.0,959.8,691.4,995.6
easy2hard_E2H-AMC_01230,easy2hard_amc,4,0.8,1.0,1.0,25049.6,25693.2,29090.8
easy2hard_E2H-AMC_01246,easy2hard_amc,5,1.0,1.0,1.0,3273.4,4787.2,6360.2
easy2hard_E2H-AMC_01311,easy2hard_amc,1,0.6,0.8,1.0,321.2,237.8,362.2
easy2hard_E2H-AMC_01370,easy2hard_amc,3,1.0,1.0,1.0,13601.8,13081.4,18304.4
easy2hard_E2H-AMC_01422,easy2hard_amc,2,1.0,1.0,1.0,354.4,879,708.6
easy2hard_E2H-AMC_01439,easy2hard_amc,3,0.0,0.4,1.0,1462.4,1143.8,2289.2
easy2hard_E2H-AMC_01462,easy2hard_amc,4,1.0,1.0,1.0,17123.6,23334.2,37052.2
easy2hard_E2H-AMC_01465,easy2hard_amc,1,1.0,1.0,1.0,227.2,154.4,152.4
easy2hard_E2H-AMC_01517,easy2hard_amc,4,1.0,1.0,1.0,1064,1111,1713.4
easy2hard_E2H-AMC_01543,easy2hard_amc,4,1.0,1.0,1.0,3090,7157.4,10732.6
easy2hard_E2H-AMC_01706,easy2hard_amc,5,0.0,0.0,0.0,28209.4,47580.4,43336.4
easy2hard_E2H-AMC_01755,easy2hard_amc,3,1.0,1.0,1.0,1152.8,1828,2686.2
easy2hard_E2H-AMC_01758,easy2hard_amc,5,0.0,0.0,0.0,1875.2,2412.6,4265.6
easy2hard_E2H-AMC_01778,easy2hard_amc,3,0.0,0.0,0.0,5941.8,6115,13641.8
easy2hard_E2H-AMC_01787,easy2hard_amc,5,1.0,1.0,1.0,1733.2,2270.2,4590.2
easy2hard_E2H-AMC_01804,easy2hard_amc,3,1.0,1.0,1.0,3040.4,1948.6,3103.6
easy2hard_E2H-AMC_01869,easy2hard_amc,4,1.0,1.0,1.0,736.8,858.4,790.2
easy2hard_E2H-AMC_01872,easy2hard_amc,3,1.0,1.0,1.0,2889.2,4494,5149.4
easy2hard_E2H-AMC_01949,easy2hard_amc,3,1.0,1.0,0.8,777,1074.4,6227
easy2hard_E2H-AMC_01952,easy2hard_amc,3,1.0,1.0,1.0,92.8,88,92
easy2hard_E2H-AMC_01990,easy2hard_amc,4,0.2,0.6,0.0,8246.2,8446.6,14040.4
easy2hard_E2H-AMC_02180,easy2hard_amc,2,1.0,1.0,1.0,4161.4,4594,12196
easy2hard_E2H-AMC_02195,easy2hard_amc,2,1.0,1.0,1.0,2559.4,1303.8,1378.2
easy2hard_E2H-AMC_02226,easy2hard_amc,1,1.0,1.0,1.0,119.4,117.4,130.6
easy2hard_E2H-AMC_02232,easy2hard_amc,5,1.0,1.0,1.0,217.6,244,262.6
easy2hard_E2H-AMC_02288,easy2hard_amc,5,1.0,1.0,1.0,15494.2,16627.8,29365.2
easy2hard_E2H-AMC_02316,easy2hard_amc,2,1.0,1.0,1.0,386.2,414.6,553.2
easy2hard_E2H-AMC_02317,easy2hard_amc,3,1.0,1.0,1.0,1036,799,859.6
easy2hard_E2H-AMC_02639,easy2hard_amc,2,1.0,1.0,1.0,1213,951.8,1726
easy2hard_E2H-AMC_02662,easy2hard_amc,3,0.2,0.2,0.0,515.6,1083.2,1131
easy2hard_E2H-AMC_02664,easy2hard_amc,5,1.0,1.0,1.0,1558,3434.2,7880.6
easy2hard_E2H-AMC_02787,easy2hard_amc,1,1.0,1.0,1.0,5767.8,5802.2,13061.8
easy2hard_E2H-AMC_02852,easy2hard_amc,2,1.0,1.0,1.0,6766.4,2769.4,6656.2
easy2hard_E2H-AMC_02864,easy2hard_amc,4,1.0,1.0,1.0,973.2,994.8,1251.8
easy2hard_E2H-AMC_02935,easy2hard_amc,2,1.0,1.0,1.0,676,391.8,657.8
easy2hard_E2H-AMC_02989,easy2hard_amc,1,0.0,0.0,0.0,15410.6,12165.2,20658.2
easy2hard_E2H-AMC_03005,easy2hard_amc,4,1.0,1.0,1.0,507,741.8,1338
easy2hard_E2H-AMC_03056,easy2hard_amc,3,1.0,1.0,1.0,2403.8,2940.8,5314.6
easy2hard_E2H-AMC_03083,easy2hard_amc,2,1.0,1.0,1.0,2946.8,2159,3688
easy2hard_E2H-AMC_03103,easy2hard_amc,5,1.0,1.0,1.0,5336,7603,11765
easy2hard_E2H-AMC_03140,easy2hard_amc,2,0.2,1.0,0.8,760.8,391.8,434.2
easy2hard_E2H-AMC_03181,easy2hard_amc,4,1.0,1.0,1.0,1337.2,2182.8,3135.8
easy2hard_E2H-AMC_03220,easy2hard_amc,1,1.0,1.0,1.0,2244.4,1281.6,1264.8
easy2hard_E2H-AMC_03238,easy2hard_amc,4,1.0,1.0,1.0,1326.8,2874,9606.4
easy2hard_E2H-AMC_03249,easy2hard_amc,5,0.8,0.8,1.0,22979,46879.2,39184.8
easy2hard_E2H-AMC_03324,easy2hard_amc,5,1.0,1.0,0.8,13016.2,24354.4,29307.2
easy2hard_E2H-AMC_03362,easy2hard_amc,2,1.0,1.0,1.0,1125,1601.4,1367.6
easy2hard_E2H-AMC_03414,easy2hard_amc,4,1.0,1.0,1.0,6977.6,10770.2,23469
easy2hard_E2H-AMC_03416,easy2hard_amc,1,0.6,1.0,0.6,2057.6,566.6,2849.6
easy2hard_E2H-AMC_03422,easy2hard_amc,5,1.0,1.0,1.0,3967.8,4610.6,5877.4
easy2hard_E2H-AMC_03500,easy2hard_amc,5,0.2,0.2,0.0,8189,6405.8,25596.4
easy2hard_E2H-AMC_03578,easy2hard_amc,2,1.0,1.0,1.0,1174.4,2254.6,3801.2
easy2hard_E2H-AMC_03587,easy2hard_amc,4,0.0,0.0,0.0,8729.2,15918.2,24110
easy2hard_E2H-AMC_03597,easy2hard_amc,2,0.2,0.0,0.4,555.8,278.4,566.2
easy2hard_E2H-AMC_03629,easy2hard_amc,5,1.0,1.0,1.0,7149.2,17676,32322.8
easy2hard_E2H-AMC_03675,easy2hard_amc,2,0.0,0.0,0.0,1280.2,1721.6,5977.4
easy2hard_E2H-AMC_03740,easy2hard_amc,3,1.0,1.0,1.0,9592.6,19297.8,26782.4
easy2hard_E2H-AMC_03742,easy2hard_amc,5,0.8,1.0,1.0,804.6,1435,1198.4
easy2hard_E2H-AMC_03761,easy2hard_amc,1,0.8,0.6,0.8,142.8,110.6,107.6
easy2hard_E2H-AMC_03774,easy2hard_amc,1,0.8,1.0,1.0,624,267,549
easy2hard_E2H-AMC_03776,easy2hard_amc,1,1.0,1.0,1.0,116.4,216.4,312.6
easy2hard_E2H-AMC_03879,easy2hard_amc,2,1.0,1.0,1.0,5812.2,2126.6,4754.8
easy2hard_E2H-AMC_03902,easy2hard_amc,3,0.0,0.0,0.0,3624.6,5571.8,15636
easy2hard_E2H-AMC_03944,easy2hard_amc,4,1.0,1.0,1.0,3611,4388.6,3748.4
gpqa_000,gpqa_diamond,1,0.4,0.0,0.0,8243.6,6704.2,10938.2
gpqa_001,gpqa_diamond,1,1.0,1.0,1.0,9889,6298.6,15074.6
gpqa_002,gpqa_diamond,1,0.0,0.0,0.0,2026,4334.2,15468.2
gpqa_003,gpqa_diamond,1,0.0,0.4,0.4,4685.8,556.8,6485.8
gpqa_004,gpqa_diamond,1,0.0,0.0,0.0,2120.4,4479.2,11752.4
gpqa_005,gpqa_diamond,1,0.0,0.0,0.4,7931,5284.4,17310.8
gpqa_006,gpqa_diamond,1,0.6,0.8,0.4,2917.8,5248.4,17298.4
gpqa_007,gpqa_diamond,1,0.2,0.4,0.2,15231.2,40516.2,28483.4
gpqa_008,gpqa_diamond,1,1.0,0.2,0.8,17713,31240.2,46245
gpqa_009,gpqa_diamond,1,1.0,1.0,1.0,843.4,244,492.8
gpqa_010,gpqa_diamond,1,0.8,0.8,1.0,2290,2435.2,5661.8
gpqa_011,gpqa_diamond,1,0.0,0.0,0.0,4402.4,1683.4,8578.2
gpqa_012,gpqa_diamond,1,0.4,0.6,0.6,19346.2,45656.8,39018.8
gpqa_013,gpqa_diamond,1,0.0,0.0,0.2,5174.2,14959.4,28836.8
gpqa_014,gpqa_diamond,1,1.0,1.0,1.0,4391.8,884.2,8150.6
gpqa_015,gpqa_diamond,1,0.8,0.4,0.4,27444.2,35963.8,51177.8
gpqa_016,gpqa_diamond,1,0.0,0.0,0.0,5135,3544.4,10226.4
gpqa_017,gpqa_diamond,1,0.2,0.0,0.2,9313.6,4650.2,15706.2
gpqa_018,gpqa_diamond,1,0.0,0.0,0.0,18914.6,28284,42414.8
gpqa_019,gpqa_diamond,1,0.0,0.2,0.0,1813.2,805.4,7895.6
gpqa_020,gpqa_diamond,1,1.0,1.0,1.0,6605.4,2790.4,14406.2
gpqa_021,gpqa_diamond,1,0.0,0.4,0.0,7052.6,906.6,14703.6
gpqa_022,gpqa_diamond,1,0.0,0.0,0.0,21028,21645.6,33953
gpqa_023,gpqa_diamond,1,0.4,0.2,0.0,4826.2,7895.6,14211.6
gpqa_024,gpqa_diamond,1,0.0,0.2,0.0,20531.4,27825.8,30702
gpqa_025,gpqa_diamond,1,0.4,0.0,0.4,17166.6,23409,33434.6
gpqa_026,gpqa_diamond,1,0.0,0.0,0.0,4385.4,3995,15631
gpqa_027,gpqa_diamond,1,0.2,0.2,0.6,20623.4,55775.8,45910.2
gpqa_028,gpqa_diamond,1,0.0,0.0,0.0,3109.8,2627.8,14033
gpqa_029,gpqa_diamond,1,0.4,0.6,0.2,8385,9787.4,11954.2
gpqa_031,gpqa_diamond,1,0.2,0.2,0.0,14278.4,19229.8,31534.6
gpqa_035,gpqa_diamond,1,0.0,0.0,0.0,4255.4,3331,12263
gpqa_036,gpqa_diamond,1,0.8,0.2,0.6,12987.4,10919.2,28187.6
gpqa_037,gpqa_diamond,1,0.4,0.2,0.2,17548.6,36496,41861.6
gpqa_038,gpqa_diamond,1,0.2,0.0,0.0,8533.8,4975.4,17764.4
gpqa_040,gpqa_diamond,1,0.0,0.4,0.6,7172.8,2204,14906.4
gpqa_042,gpqa_diamond,1,0.0,0.0,0.0,14822.2,22093.6,34941.8
gpqa_045,gpqa_diamond,1,0.0,0.0,0.2,13515.8,16552.4,22279
gpqa_052,gpqa_diamond,1,1.0,1.0,1.0,9908.2,1503.6,17165
gpqa_053,gpqa_diamond,1,0.6,0.6,0.2,14524.8,11914.8,22615
gpqa_054,gpqa_diamond,1,1.0,1.0,1.0,2019.6,957,2118.4
gpqa_056,gpqa_diamond,1,0.4,0.4,0.2,8668.2,14265,19811
gpqa_058,gpqa_diamond,1,0.6,0.2,0.6,5229.8,5544.4,9727.8
gpqa_059,gpqa_diamond,1,0.8,0.6,0.8,7247.4,3234.4,13729
gpqa_065,gpqa_diamond,1,0.4,0.2,0.0,9236.8,8222,16212.8
gpqa_067,gpqa_diamond,1,0.0,0.0,0.0,9426.6,12312.2,19678.2
gpqa_069,gpqa_diamond,1,0.0,0.0,0.0,21054.2,27776,41907.6
gpqa_070,gpqa_diamond,1,0.0,0.2,0.0,6586.6,3938.2,14724.2
gpqa_076,gpqa_diamond,1,0.0,0.0,0.0,17780.8,29078.4,37297
gpqa_078,gpqa_diamond,1,0.4,0.2,0.4,18429,22720.8,36545.4
gpqa_080,gpqa_diamond,1,0.4,0.2,0.6,17984.6,20987.8,30785
gpqa_085,gpqa_diamond,1,0.6,0.2,0.4,26204.8,42180.2,49445.8
gpqa_086,gpqa_diamond,1,0.6,1.0,1.0,16750.8,20482.8,27335
gpqa_087,gpqa_diamond,1,0.0,0.0,0.0,3036,2666.2,7754
gpqa_088,gpqa_diamond,1,0.0,0.2,0.2,30354.8,54202,57288
gpqa_089,gpqa_diamond,1,0.0,0.4,0.2,16029,29770,34731
gpqa_092,gpqa_diamond,1,0.8,0.4,0.6,9228.2,12351.4,21018.8
gpqa_097,gpqa_diamond,1,0.0,0.0,0.0,22505.2,14407.2,39037
gpqa_098,gpqa_diamond,1,0.0,0.0,0.0,9093.2,4031.8,16410.6
gpqa_100,gpqa_diamond,1,0.2,0.0,0.2,8506.6,5362.6,15410.6
gpqa_101,gpqa_diamond,1,0.0,0.2,0.2,28418,37645.2,46160.6
gpqa_103,gpqa_diamond,1,0.0,0.0,0.0,7958.4,11336.2,17317.6
gpqa_109,gpqa_diamond,1,0.8,0.4,0.8,13911.2,11966.6,23274.6
gpqa_110,gpqa_diamond,1,0.4,0.4,0.4,20639.6,23551.8,40407.6
gpqa_114,gpqa_diamond,1,0.4,0.2,0.8,8705.2,13807,19510.8
gpqa_116,gpqa_diamond,1,0.0,0.0,0.0,8060.4,9816.8,16552
gpqa_117,gpqa_diamond,1,0.0,0.0,0.0,12552.4,11857.4,29349.6
gpqa_118,gpqa_diamond,1,0.2,0.2,0.6,20921.2,59213.2,43025.6
gpqa_120,gpqa_diamond,1,0.2,0.2,0.2,26185.8,30703.2,37281
gpqa_121,gpqa_diamond,1,0.2,0.0,0.0,32867.6,49212.4,43056.8
gpqa_123,gpqa_diamond,1,1.0,0.8,1.0,4792.8,8048.2,11338.2
gpqa_127,gpqa_diamond,1,0.6,0.2,0.0,10960.2,18337.2,21426.8
gpqa_128,gpqa_diamond,1,0.2,0.2,0.2,17282.6,21607.8,28165
gpqa_133,gpqa_diamond,1,0.0,0.0,0.0,9876,6178.2,15695.2
gpqa_134,gpqa_diamond,1,0.0,0.8,0.2,4482.2,7762,26164.6
gpqa_136,gpqa_diamond,1,0.6,0.8,0.8,11805.8,17412.8,19988.4
gpqa_137,gpqa_diamond,1,0.2,0.0,0.2,7827,4364.6,16498.6
gpqa_138,gpqa_diamond,1,0.0,0.0,0.0,19173.8,24289.2,35479.6
gpqa_140,gpqa_diamond,1,0.0,0.0,0.0,13896.4,10672.4,22675.8
gpqa_144,gpqa_diamond,1,0.8,0.4,0.6,8812.2,8651.2,17974
gpqa_146,gpqa_diamond,1,0.2,0.0,0.4,4009.6,8259.8,18628.6
gpqa_148,gpqa_diamond,1,0.0,0.0,0.0,8467.6,9159.4,28569.2
gpqa_149,gpqa_diamond,1,0.0,0.0,0.0,23737,28442.6,43313.4
gpqa_150,gpqa_diamond,1,0.0,0.0,0.0,4486.4,6464.6,10610.8
gpqa_155,gpqa_diamond,1,0.4,0.0,0.6,11491.4,16472,32176.4
gpqa_159,gpqa_diamond,1,0.8,0.4,0.4,3553,8557.4,18641
gpqa_160,gpqa_diamond,1,0.0,0.0,0.0,9699.6,2956.6,21833.6
gpqa_169,gpqa_diamond,1,0.6,0.4,0.2,2340.4,6002,13295.2
gpqa_172,gpqa_diamond,1,0.6,0.2,0.4,7977.4,6005.8,17685.6
gpqa_173,gpqa_diamond,1,0.4,0.4,0.4,7947.6,7777.6,17481.8
gpqa_181,gpqa_diamond,1,0.4,0.4,0.2,1828,8703,13116.2
gpqa_182,gpqa_diamond,1,0.0,0.0,0.0,6864.8,8003.8,18532
gpqa_183,gpqa_diamond,1,0.0,0.2,0.2,27595.2,61629.8,65777.4
gpqa_185,gpqa_diamond,1,0.4,0.0,0.2,24792.8,62125,48749.4
gpqa_186,gpqa_diamond,1,0.6,0.4,0.6,17891.4,17408.2,39654.2
gpqa_189,gpqa_diamond,1,0.0,0.0,0.0,14532.8,18077.2,26831.2
gpqa_190,gpqa_diamond,1,0.2,0.0,0.8,18213.8,24242.6,36557.4
gpqa_193,gpqa_diamond,1,0.0,0.0,0.0,3416.2,2347.8,9255.8
gpqa_194,gpqa_diamond,1,0.0,0.6,0.2,11586.6,14908,23598.4
gpqa_195,gpqa_diamond,1,0.2,0.4,0.4,6575,8993.4,20586.6
lcb_0005,livecodebench,easy,1.0,1.0,1.0,4867,6305.2,6059.2
lcb_0015,livecodebench,hard,0.0,0.0,0.0,5231.2,32640.6,17155.6
lcb_0018,livecodebench,hard,0.0,0.0,0.0,3302.8,18900.4,7239
lcb_0020,livecodebench,medium,0.0,0.0,0.0,1263,5039,8515.8
lcb_0021,livecodebench,easy,0.0,0.0,0.0,993.8,1816.4,3703.2
lcb_0022,livecodebench,medium,0.0,0.0,0.0,786.6,1157.6,1116.2
lcb_0025,livecodebench,hard,0.0,0.0,0.0,3190.4,33685.2,16862.6
lcb_0026,livecodebench,medium,0.0,0.0,0.0,10249.2,32463.2,21284
lcb_0028,livecodebench,easy,0.0,0.0,0.0,1191.8,1548,973
lcb_0033,livecodebench,easy,0.0,0.0,0.0,2492.2,5837,4165.8
lcb_0043,livecodebench,medium,0.0,0.0,0.0,3141.8,7955.2,4709.6
lcb_0045,livecodebench,medium,0.0,0.0,0.0,819.2,24473.8,9164.2
lcb_0046,livecodebench,hard,0.0,0.0,0.0,5596.8,23244.8,14323.4
lcb_0047,livecodebench,medium,0.0,0.0,0.0,11220.6,36484.8,26358
lcb_0049,livecodebench,medium,0.0,0.0,0.0,1112,5755.2,2060.4
lcb_0055,livecodebench,medium,0.0,0.0,0.0,2491.4,12059,5982
lcb_0063,livecodebench,easy,0.0,0.0,0.0,308.6,468.8,478.6
lcb_0064,livecodebench,medium,0.0,0.0,0.0,806.6,5380.8,2484.8
lcb_0065,livecodebench,medium,0.0,0.0,0.0,1993.8,17405.4,12641
lcb_0066,livecodebench,hard,0.0,0.0,0.0,7195.4,32191,23295.4
lcb_0067,livecodebench,easy,0.0,0.0,0.0,1033.2,2249.6,2906
lcb_0070,livecodebench,medium,0.0,0.0,0.0,1600.8,7299,2787
lcb_0072,livecodebench,medium,0.0,0.0,0.0,3848.2,34387.4,19372.4
lcb_0075,livecodebench,medium,0.0,0.0,0.0,10002.4,14903,10759.8
lcb_0077,livecodebench,hard,0.0,0.0,0.0,17297.4,47153.6,30375.6
lcb_0079,livecodebench,hard,0.0,0.0,0.0,8496.6,52500.4,34965.4
lcb_0080,livecodebench,hard,0.0,0.0,0.0,13855.6,53796.2,38160.4
lcb_0084,livecodebench,easy,0.0,0.0,0.0,320.6,234,404
lcb_0086,livecodebench,easy,0.0,0.0,0.0,303.2,937.2,426
lcb_0091,livecodebench,easy,0.0,0.0,0.0,1372,2004.2,2500.4
lcb_0094,livecodebench,medium,0.0,0.0,0.0,1868.8,20537.8,18095.8
lcb_0097,livecodebench,easy,0.0,0.0,0.0,307.4,528.2,319
lcb_0102,livecodebench,easy,0.0,0.0,0.0,370.8,540,375
lcb_0106,livecodebench,easy,0.0,0.0,0.0,743.2,987,1188.6
lcb_0108,livecodebench,medium,0.0,0.0,0.0,5367.2,22849,17248
lcb_0112,livecodebench,medium,0.0,0.0,0.0,2268.2,27356,20221
lcb_0113,livecodebench,medium,0.0,0.0,0.0,3862.8,18589,11328.4
lcb_0117,livecodebench,easy,0.0,0.0,0.0,863.8,1478.4,1518.4
lcb_0120,livecodebench,easy,0.0,0.0,0.0,531,429.6,1125.6
lcb_0121,livecodebench,medium,0.0,0.0,0.0,1310.4,4627.6,1796.4
lcb_0132,livecodebench,easy,0.0,0.0,0.0,2099.2,7563.6,7017.4
lcb_0133,livecodebench,medium,0.0,0.0,0.0,3921.6,21516.8,14401.6
lcb_0140,livecodebench,hard,0.0,0.0,0.0,3670.6,24982.4,15540
lcb_0144,livecodebench,easy,0.0,0.0,0.0,315.4,203.2,228.2
lcb_0146,livecodebench,hard,0.0,0.0,0.0,8327.2,33375.2,23107.2
lcb_0147,livecodebench,medium,0.0,0.0,0.0,457,1916.2,1981.2
lcb_0148,livecodebench,easy,0.0,0.0,0.0,424.8,653,787.4
lcb_0149,livecodebench,easy,0.0,0.0,0.0,597.4,844.8,1090.8
lcb_0154,livecodebench,hard,0.0,0.0,0.0,23164.2,65286.6,63876.2
lcb_0155,livecodebench,medium,0.0,0.0,0.0,469,1585.8,927.8
lcb_0157,livecodebench,easy,0.0,0.0,0.0,931.8,2579.8,1922.8
lcb_0159,livecodebench,medium,0.0,0.0,0.0,8931.6,46051,22503.8
lcb_0161,livecodebench,hard,0.0,0.0,0.0,12461.8,48470.8,36865.4
lcb_0162,livecodebench,medium,0.0,0.0,0.0,12620.8,34488.2,25298.2
lcb_0165,livecodebench,medium,0.0,0.0,0.0,1452.8,2524,1110.6
lcb_0175,livecodebench,medium,0.0,0.0,0.0,4804.8,30971,10886.6
lcb_0177,livecodebench,medium,0.0,0.0,0.0,10634.8,30446.4,26098.2
lcb_0179,livecodebench,medium,0.0,0.0,0.0,13051.6,49830.6,35563.4
lcb_0186,livecodebench,easy,0.0,0.0,0.0,1726.4,2178,1617
lcb_0188,livecodebench,easy,0.0,0.0,0.0,381.6,341,233.8
lcb_0194,livecodebench,hard,0.0,0.0,0.2,11712.2,65348,58707.8
lcb_0199,livecodebench,medium,1.0,1.0,1.0,2183.4,14609.6,7518.2
lcb_0210,livecodebench,medium,1.0,1.0,0.8,4237.6,30232.2,22282.4
lcb_0212,livecodebench,easy,1.0,1.0,1.0,1479.2,1684.6,2139.6
lcb_0218,livecodebench,easy,1.0,1.0,1.0,262,1324.6,644.8
lcb_0230,livecodebench,medium,1.0,1.0,1.0,2391.2,17243.2,20942
lcb_0232,livecodebench,hard,1.0,1.0,1.0,6023,42857.8,28126.4
lcb_0233,livecodebench,easy,1.0,1.0,1.0,620,4173.6,1234
lcb_0235,livecodebench,medium,1.0,1.0,1.0,3043.2,18728.4,11039
lcb_0236,livecodebench,medium,1.0,1.0,1.0,4539.4,18789.6,14694.2
lcb_0238,livecodebench,easy,1.0,1.0,1.0,429.2,188.6,225.6
lcb_0242,livecodebench,hard,1.0,1.0,1.0,4876,20823.2,9715.6
lcb_0249,livecodebench,easy,1.0,1.0,1.0,201.6,534,348
lcb_0250,livecodebench,easy,1.0,1.0,1.0,5372.8,33453.6,17879.2
lcb_0251,livecodebench,medium,1.0,1.0,1.0,2064.8,18109.6,13043
lcb_0253,livecodebench,hard,1.0,0.4,1.0,15891,61025,48374.6
lcb_0256,livecodebench,medium,1.0,1.0,1.0,3548,16704.8,12650.8
lcb_0257,livecodebench,medium,1.0,1.0,1.0,5138.6,32123.4,22062.2
lcb_0259,livecodebench,easy,1.0,1.0,1.0,1249.8,5485.8,4679.4
lcb_0260,livecodebench,medium,1.0,1.0,1.0,2792.4,23404.6,17821.6
lcb_0261,livecodebench,medium,1.0,1.0,1.0,7220.6,35011.6,32420.2
lcb_0265,livecodebench,easy,1.0,1.0,1.0,367.6,323.2,331.6
lcb_0269,livecodebench,hard,0.0,0.0,0.0,10368.6,60901,46287.4
lcb_0270,livecodebench,easy,1.0,1.0,1.0,480.4,677,288
lcb_0272,livecodebench,medium,1.0,1.0,1.0,1682.2,18350,6608.2
lcb_0275,livecodebench,easy,1.0,1.0,1.0,1762.8,6378.8,4328.6
lcb_0278,livecodebench,hard,0.0,0.0,0.4,12329.4,65535.8,63514.2
lcb_0281,livecodebench,medium,1.0,1.0,1.0,10326,37503.4,26217.4
lcb_0285,livecodebench,easy,1.0,1.0,1.0,1162.2,5054.8,3489.4
lcb_0296,livecodebench,medium,1.0,1.0,1.0,2910.2,18494.6,10132
lcb_0298,livecodebench,hard,1.0,0.4,1.0,9661.8,58723.6,35310.8
lcb_0300,livecodebench,easy,1.0,1.0,1.0,394.6,1208.4,1965.2
lcb_0306,livecodebench,medium,1.0,1.0,1.0,5214,18014.2,8587.6
lcb_0308,livecodebench,hard,0.8,1.0,1.0,12289,45730,35595.2
lcb_0317,livecodebench,easy,1.0,1.0,1.0,1056.2,3541,1802.8
lcb_0319,livecodebench,medium,1.0,1.0,0.8,847.4,23651.4,12111.6
lcb_0320,livecodebench,hard,0.0,0.0,0.0,10711.6,58717,35676.4
lcb_0322,livecodebench,easy,1.0,1.0,1.0,3082.6,12556.2,6578.2
lcb_0323,livecodebench,medium,1.0,1.0,1.0,2429.2,2493,9329.4
lcb_0325,livecodebench,hard,1.0,1.0,1.0,5360.2,38359.6,21976
math500_0000,math500,2,0.8,0.8,0.2,63,78.4,74
math500_0014,math500,1,0.2,0.8,0.0,328.4,367.4,559
math500_0016,math500,1,1.0,1.0,1.0,78.6,76.6,78.4
math500_0018,math500,1,0.8,1.0,1.0,6574.6,7314,14592.6
math500_0019,math500,3,1.0,1.0,1.0,421.4,687.6,662.4
math500_0025,math500,5,0.0,0.2,0.0,1004.6,1324.4,2461.8
math500_0030,math500,3,1.0,1.0,1.0,66.4,81.2,87.6
math500_0039,math500,3,1.0,1.0,1.0,153.6,114.2,156.2
math500_0046,math500,2,1.0,1.0,1.0,500.4,517,713.8
math500_0048,math500,2,1.0,1.0,1.0,103.8,95.6,110
math500_0051,math500,2,0.2,0.2,0.4,416.4,533.6,1068.8
math500_0052,math500,5,1.0,1.0,1.0,199.4,118.2,134.4
math500_0062,math500,5,1.0,1.0,1.0,247.6,298.4,408.4
math500_0065,math500,1,1.0,1.0,1.0,98.4,54.8,75.2
math500_0068,math500,4,1.0,1.0,0.8,473.6,530.8,1415.8
math500_0072,math500,2,1.0,1.0,1.0,105.4,90.2,101
math500_0074,math500,2,0.0,0.4,0.2,148.6,163.6,175.2
math500_0077,math500,1,1.0,1.0,1.0,55,59.6,60.8
math500_0079,math500,1,1.0,1.0,1.0,60.6,60.6,60.6
math500_0081,math500,3,0.8,0.8,1.0,229.4,178.8,252.2
math500_0085,math500,4,0.2,0.6,0.4,129.8,115.2,94.2
math500_0086,math500,1,1.0,1.0,1.0,26.2,23,25.8
math500_0092,math500,4,1.0,0.8,0.8,326.4,177,211.8
math500_0106,math500,2,0.0,0.0,0.0,53.8,99.6,101.4
math500_0113,math500,2,1.0,1.0,1.0,85.4,76.6,98.4
math500_0115,math500,2,1.0,1.0,1.0,142,89,95.6
math500_0122,math500,3,0.6,0.4,0.8,99.4,91.8,79.4
math500_0123,math500,4,1.0,1.0,1.0,1076,1267,1355.6
math500_0148,math500,1,0.8,1.0,1.0,57.2,59.2,70.8
math500_0151,math500,5,1.0,1.0,1.0,163.6,383.2,339
math500_0152,math500,5,1.0,1.0,1.0,1236.2,1269.2,2205.6
math500_0160,math500,2,1.0,1.0,1.0,109,77.6,84.2
math500_0167,math500,1,0.8,1.0,1.0,67.2,42.4,49.4
math500_0171,math500,1,0.8,0.6,0.6,55.4,43.4,63.6
math500_0172,math500,1,1.0,1.0,1.0,109,78.6,81
math500_0174,math500,3,1.0,1.0,1.0,114.8,114.2,161.8
math500_0181,math500,3,0.6,0.6,0.2,208.2,202.4,299.2
math500_0183,math500,4,1.0,1.0,1.0,358.4,374.6,575.6
math500_0187,math500,1,1.0,1.0,1.0,105.4,91,107
math500_0195,math500,4,1.0,1.0,1.0,242.8,381,392
math500_0199,math500,2,1.0,1.0,1.0,62.2,57.4,59.4
math500_0207,math500,2,1.0,1.0,1.0,37.6,33.4,53.4
math500_0212,math500,3,1.0,1.0,1.0,138,114.4,126.6
math500_0218,math500,2,1.0,1.0,1.0,40.6,40.2,40.8
math500_0223,math500,3,1.0,1.0,1.0,1823.2,1010.6,1667.4
math500_0224,math500,4,1.0,1.0,0.8,444.4,590.4,592.2
math500_0226,math500,3,1.0,1.0,1.0,1349.4,446.6,1349.4
math500_0232,math500,5,1.0,1.0,0.8,1234,1420.6,2030.8
math500_0235,math500,4,0.0,0.0,0.0,103.6,93,76.2
math500_0236,math500,4,1.0,1.0,1.0,1228.6,2780.2,2618.2
math500_0239,math500,5,1.0,1.0,1.0,4776,4270.6,8769.8
math500_0242,math500,5,0.0,0.0,0.0,1145.2,715.6,612.4
math500_0248,math500,4,0.0,0.2,0.0,546.6,566,643.8
math500_0264,math500,5,0.0,0.0,0.0,9154.2,8157.8,23697.4
math500_0265,math500,2,1.0,1.0,1.0,65.8,65.4,58
math500_0269,math500,3,1.0,1.0,1.0,109.6,94.2,108
math500_0272,math500,4,1.0,1.0,1.0,390.2,275.8,361.6
math500_0273,math500,4,0.2,0.2,0.0,224.4,187.8,236.2
math500_0275,math500,2,1.0,1.0,1.0,56.2,57.2,58
math500_0280,math500,4,1.0,1.0,1.0,169.6,277.6,461
math500_0284,math500,5,0.0,0.0,0.0,7732.2,7669.4,19159.8
math500_0285,math500,4,1.0,1.0,1.0,3973.8,2838.2,7165.6
math500_0286,math500,5,1.0,1.0,0.8,1651,6834,12245.8
math500_0310,math500,2,1.0,1.0,1.0,693.6,246.2,275.6
math500_0312,math500,1,0.0,0.0,0.0,65.6,72.8,56.6
math500_0323,math500,5,1.0,1.0,1.0,1044,1089.2,2259
math500_0330,math500,5,1.0,1.0,1.0,311.6,224.2,216.2
math500_0334,math500,3,1.0,1.0,1.0,137,153.2,137.4
math500_0335,math500,4,1.0,1.0,1.0,552.4,263.8,408
math500_0338,math500,3,1.0,1.0,0.8,289,232.2,224
math500_0342,math500,3,1.0,1.0,1.0,72.6,94.2,105.8
math500_0349,math500,4,1.0,1.0,1.0,9662.2,9015.2,17573.4
math500_0352,math500,4,0.6,0.4,0.2,1349,1870.2,3823.6
math500_0359,math500,4,1.0,0.8,1.0,587.8,8262.8,9405.2
math500_0360,math500,3,0.6,1.0,0.8,266.8,261.4,651
math500_0368,math500,2,1.0,1.0,1.0,89.6,118.8,99.6
math500_0370,math500,1,1.0,1.0,1.0,43.8,43.4,49.6
math500_0374,math500,1,1.0,1.0,1.0,71,49.8,53.8
math500_0378,math500,3,1.0,1.0,1.0,339.6,181,201.2
math500_0381,math500,5,1.0,1.0,0.8,1184.8,1185.8,2419.2
math500_0386,math500,3,1.0,1.0,1.0,122.6,115,124.6
math500_0401,math500,5,0.8,1.0,0.8,1302.4,2049.2,2868.4
math500_0404,math500,1,1.0,1.0,1.0,95.4,85,118
math500_0406,math500,1,1.0,1.0,1.0,58.4,45,58.6
math500_0408,math500,5,0.0,0.2,0.2,2464.8,868.4,2974
math500_0410,math500,2,1.0,1.0,1.0,196.4,189.4,208.2
math500_0424,math500,5,1.0,1.0,1.0,136.6,136.8,128
math500_0436,math500,4,1.0,1.0,1.0,457.6,528.8,591.8
math500_0437,math500,3,1.0,1.0,1.0,407,276.4,339.4
math500_0442,math500,4,1.0,1.0,1.0,115,140.2,192.8
math500_0451,math500,3,0.2,0.6,0.2,224.4,187.4,274.6
math500_0454,math500,5,1.0,1.0,1.0,1039.2,597,818
math500_0455,math500,2,1.0,1.0,1.0,48,36.2,57.8
math500_0457,math500,1,1.0,1.0,1.0,45.2,31.8,39.8
math500_0472,math500,1,0.0,0.0,0.0,81.2,64.2,75
math500_0474,math500,1,1.0,1.0,1.0,135.2,99.6,120.8
math500_0485,math500,2,1.0,1.0,1.0,5786.4,3357.8,8011.6
math500_0488,math500,5,0.0,0.0,0.0,90.2,80.8,89.4
math500_0492,math500,3,1.0,1.0,1.0,165.4,190,166.6
math500_0493,math500,5,1.0,1.0,1.0,341.6,175.2,220.6
zebralogic_03272,zebralogic_grid,2,0.0,0.0,0.0,1518.8,1692.6,2156.6
zebralogic_03289,zebralogic_grid,2,0.6,1.0,0.8,1250.4,1037.2,1604.2
zebralogic_03299,zebralogic_grid,1,0.0,0.0,0.0,445.6,443.6,409
zebralogic_03308,zebralogic_grid,1,0.0,0.0,0.0,506.2,316.2,458.8
zebralogic_03309,zebralogic_grid,1,0.0,0.0,0.0,777.6,489.4,803
zebralogic_03324,zebralogic_grid,4,0.0,0.0,0.0,5561.8,9729,11774.2
zebralogic_03325,zebralogic_grid,3,0.0,0.4,0.4,1618.4,1841.4,1538.4
zebralogic_03338,zebralogic_grid,5,0.4,0.2,0.0,4202.2,5046,3659.8
zebralogic_03349,zebralogic_grid,4,0.0,0.0,0.0,6796.6,10011.8,9943.4
zebralogic_03358,zebralogic_grid,4,0.2,0.8,1.0,8686.6,11684,15297
zebralogic_03370,zebralogic_grid,1,0.0,0.0,0.0,1271,1294.6,1375.2
zebralogic_03371,zebralogic_grid,1,0.8,0.8,0.4,696.4,1002.8,1426.6
zebralogic_03384,zebralogic_grid,3,0.0,0.0,0.0,3008.6,5574,4172.6
zebralogic_03386,zebralogic_grid,4,0.0,0.0,0.0,3381.6,3777.4,3548
zebralogic_03392,zebralogic_grid,3,0.4,0.4,0.2,2757.6,3116.2,5640.8
zebralogic_03396,zebralogic_grid,1,0.0,0.2,0.0,321.4,254.4,306
zebralogic_03397,zebralogic_grid,3,0.0,0.0,0.0,2119.4,2142.8,4723.4
zebralogic_03411,zebralogic_grid,3,1.0,1.0,1.0,2501.2,3260.6,3885.2
zebralogic_03428,zebralogic_grid,1,0.0,0.0,0.0,543.2,501.4,551.2
zebralogic_03435,zebralogic_grid,3,0.0,0.0,0.0,3474.8,4222.6,4752.8
zebralogic_03440,zebralogic_grid,2,0.0,0.0,0.0,1515,1687,1888.8
zebralogic_03447,zebralogic_grid,5,0.8,0.6,0.8,4035.6,6475.6,5370.4
zebralogic_03463,zebralogic_grid,5,0.0,0.0,0.0,22805.4,37766.2,33120
zebralogic_03472,zebralogic_grid,1,0.0,0.0,0.0,461.6,337.2,570
zebralogic_03478,zebralogic_grid,3,0.0,0.0,0.0,4130.8,5042.4,6003.8
zebralogic_03481,zebralogic_grid,2,0.0,0.0,0.0,1146.8,1540.6,1990.2
zebralogic_03499,zebralogic_grid,5,0.0,0.0,0.0,6254.2,7868.4,8886.4
zebralogic_03503,zebralogic_grid,2,0.0,0.0,0.0,684.4,604.2,852.6
zebralogic_03520,zebralogic_grid,4,0.0,0.0,0.0,3991,4811,5356.8
zebralogic_03555,zebralogic_grid,1,0.0,0.0,0.0,359.4,376.8,342.2
zebralogic_03559,zebralogic_grid,1,0.8,1.0,1.0,227.2,130.4,195.2
zebralogic_03560,zebralogic_grid,4,0.0,0.0,0.0,4048.8,5273.2,5194.6
zebralogic_03563,zebralogic_grid,2,0.0,0.4,0.2,5137.4,4914.6,4696.4
zebralogic_03565,zebralogic_grid,4,0.0,0.0,0.0,5212.8,20932.6,15593
zebralogic_03567,zebralogic_grid,1,0.4,1.0,1.0,1940.6,1859.6,2772.4
zebralogic_03574,zebralogic_grid,5,0.0,0.0,0.0,8882.2,10132,12353.4
zebralogic_03579,zebralogic_grid,3,0.0,0.0,0.0,2050.8,3631,3764.6
zebralogic_03595,zebralogic_grid,1,0.0,0.0,0.0,1134.4,744,1207.2
zebralogic_03616,zebralogic_grid,4,0.2,0.8,1.0,3396.4,4679.2,3976
zebralogic_03623,zebralogic_grid,3,0.0,0.0,0.0,2868.4,4788,3277.4
zebralogic_03625,zebralogic_grid,5,0.0,0.0,0.0,4786.4,8882.8,6480
zebralogic_03627,zebralogic_grid,5,0.0,0.0,0.0,5647.8,9270.2,10333.6
zebralogic_03629,zebralogic_grid,2,0.0,0.0,0.0,1453.4,1143.6,1308
zebralogic_03630,zebralogic_grid,4,0.0,0.0,0.0,3296.2,3283.2,3633
zebralogic_03631,zebralogic_grid,1,0.0,0.0,0.0,643.4,537.8,495
zebralogic_03634,zebralogic_grid,4,0.0,0.0,0.0,5645.6,8098.8,8809
zebralogic_03649,zebralogic_grid,3,0.0,0.0,0.0,1013.8,879.4,1053.4
zebralogic_03709,zebralogic_grid,3,0.0,0.0,0.0,1470.4,1534,1841.2
zebralogic_03712,zebralogic_grid,4,0.0,0.0,0.0,1940,2580.8,3225
zebralogic_03726,zebralogic_grid,4,0.2,0.6,0.2,2924.8,3598,2776.4
zebralogic_03727,zebralogic_grid,2,0.0,0.0,0.0,5295,7672.2,11221.2
zebralogic_03728,zebralogic_grid,2,0.2,0.6,0.4,1464.8,1702,2223.4
zebralogic_03736,zebralogic_grid,3,1.0,0.6,0.6,1782.6,2034.2,1759
zebralogic_03737,zebralogic_grid,5,0.0,0.0,0.0,9385.4,12077.4,12581
zebralogic_03746,zebralogic_grid,5,0.0,0.0,0.0,9923,15263.2,13907.4
zebralogic_03750,zebralogic_grid,3,0.6,0.8,0.2,2195.2,1848.8,2548.8
zebralogic_03753,zebralogic_grid,2,0.0,0.0,0.0,1504,1405.6,1868.6
zebralogic_03759,zebralogic_grid,5,0.0,0.0,0.0,10364,11821.2,11090
zebralogic_03763,zebralogic_grid,3,0.0,0.0,0.0,2400.6,1903,2292.4
zebralogic_03767,zebralogic_grid,3,0.0,0.0,0.0,2810.8,4836,4312.6
zebralogic_03788,zebralogic_grid,5,0.0,0.0,0.0,7705,12915.2,11460.8
zebralogic_03821,zebralogic_grid,1,0.0,0.0,0.0,415.6,356.6,394.6
zebralogic_03830,zebralogic_grid,2,0.0,0.0,0.0,1218.2,1273.2,1353.2
zebralogic_03846,zebralogic_grid,3,0.0,0.0,0.0,1295,1303.6,1455
zebralogic_03866,zebralogic_grid,4,0.0,0.0,0.0,9951.8,13553.8,11657.8
zebralogic_03868,zebralogic_grid,2,0.2,0.2,0.2,1187.8,835.6,1160
zebralogic_03885,zebralogic_grid,2,1.0,1.0,1.0,1951.8,1677.2,2106.2
zebralogic_03914,zebralogic_grid,5,0.0,0.0,0.0,20264.8,32246.8,24034.4
zebralogic_03936,zebralogic_grid,2,0.0,0.0,0.0,4282.2,6010.8,6434.8
zebralogic_03948,zebralogic_grid,3,0.0,0.0,0.0,1425.2,1987.6,1296.8
zebralogic_03959,zebralogic_grid,4,0.0,0.0,0.0,3622.6,6442.2,6026.6
zebralogic_03960,zebralogic_grid,2,0.0,0.0,0.0,2937.6,3838.4,4754.4
zebralogic_03973,zebralogic_grid,1,0.0,0.0,0.0,767.6,785.8,849.8
zebralogic_03981,zebralogic_grid,4,0.0,0.0,0.0,5312.6,5776.6,7716.6
zebralogic_04011,zebralogic_grid,5,0.0,0.0,0.0,7801.2,17715.6,12203.2
zebralogic_04023,zebralogic_grid,2,0.0,0.0,0.0,1018.6,1183.6,1413.6
zebralogic_04030,zebralogic_grid,4,0.0,0.0,0.0,4107.4,5257.4,4844.6
zebralogic_04032,zebralogic_grid,1,0.0,0.0,0.0,358.6,339.8,390.8
zebralogic_04034,zebralogic_grid,3,0.0,0.0,0.0,1245.2,1383.8,1992.6
zebralogic_04042,zebralogic_grid,4,0.0,0.0,0.0,3569,4967.8,4173.8
zebralogic_04071,zebralogic_grid,5,0.0,0.0,0.0,10113.8,12844.6,11306.8
zebralogic_04096,zebralogic_grid,5,0.0,0.0,0.0,11275.8,19838.2,17681.4
zebralogic_04099,zebralogic_grid,4,0.0,0.0,0.0,4762.6,6865.2,5921.8
zebralogic_04105,zebralogic_grid,1,0.0,0.0,0.0,892,861.2,939.2
zebralogic_04106,zebralogic_grid,5,0.0,0.0,0.0,4435.4,7930,5340.8
zebralogic_04112,zebralogic_grid,2,0.8,1.0,0.8,1247.8,1071.8,1767.4
zebralogic_04114,zebralogic_grid,2,0.0,0.0,0.0,2257.2,4142.8,3237.2
zebralogic_04131,zebralogic_grid,5,0.0,0.0,0.0,13156,17562.8,19651.4
zebralogic_04147,zebralogic_grid,2,0.0,0.0,0.0,1323.6,1089.4,2074
zebralogic_04148,zebralogic_grid,5,0.0,0.0,0.0,11747.2,21240,18938.6
zebralogic_04156,zebralogic_grid,4,0.0,0.0,0.0,12199.4,22696.8,20183.2
zebralogic_04160,zebralogic_grid,1,0.0,0.0,0.0,1614.8,1860.4,1945.6
zebralogic_04169,zebralogic_grid,5,0.0,0.0,0.0,16921.8,25473,24166.4
zebralogic_04186,zebralogic_grid,5,0.0,0.0,0.0,3842.2,4942.6,3989.4
zebralogic_04190,zebralogic_grid,3,0.4,0.4,0.2,1500,1203.6,3454.8
zebralogic_04217,zebralogic_grid,2,0.6,0.6,0.4,787.6,767,913
zebralogic_04225,zebralogic_grid,3,0.0,0.0,0.0,1393.4,1675.6,1724.8
zebralogic_04233,zebralogic_grid,4,0.0,0.0,0.0,6187,9575.2,9576
zebralogic_04234,zebralogic_grid,1,0.0,0.0,0.0,284,173,322.2
zebralogic_04237,zebralogic_grid,1,0.0,0.0,0.0,566.2,513.8,535.4
