id,source_id,grid_size,n_houses,n_attributes,n_cells,n_clues,complexity_rank,quintile
zebralogic_03259,lgp-test-5x6-16,5*6,5,6,30,17,882,5
zebralogic_03260,lgp-test-4x4-27,4*4,4,4,16,10,571,3
zebralogic_03261,lgp-test-6x4-15,6*4,6,4,24,18,825,5
zebralogic_03262,lgp-test-6x5-2,6*5,6,5,30,25,960,5
zebralogic_03263,lgp-test-2x2-33,2*2,2,2,4,2,7,1
zebralogic_03264,lgp-test-4x4-3,4*4,4,4,16,10,572,3
zebralogic_03265,lgp-test-2x4-5,2*4,2,4,8,4,144,1
zebralogic_03266,lgp-test-5x5-30,5*5,5,5,25,16,845,5
zebralogic_03267,lgp-test-3x5-34,3*5,3,5,15,9,501,3
zebralogic_03268,lgp-test-4x5-3,4*5,4,5,20,12,687,4
zebralogic_03269,lgp-test-2x6-24,2*6,2,6,12,5,324,2
zebralogic_03270,lgp-test-6x2-9,6*2,6,2,12,11,468,3
zebralogic_03271,lgp-test-4x2-18,4*2,4,2,8,4,145,1
zebralogic_03272,lgp-test-5x2-15,5*2,5,2,10,8,299,2
zebralogic_03273,lgp-test-5x4-2,5*4,5,4,20,14,734,4
zebralogic_03274,lgp-test-4x4-21,4*4,4,4,16,11,586,3
zebralogic_03275,lgp-test-5x6-0,5*6,5,6,30,21,920,5
zebralogic_03276,lgp-test-2x3-9,2*3,2,3,6,2,41,1
zebralogic_03277,lgp-test-5x5-12,5*5,5,5,25,19,875,5
zebralogic_03278,lgp-test-3x5-16,3*5,3,5,15,9,502,3
zebralogic_03279,lgp-test-4x3-10,4*3,4,3,12,6,346,2
zebralogic_03280,lgp-test-5x6-30,5*6,5,6,30,20,900,5
zebralogic_03281,lgp-test-3x5-30,3*5,3,5,15,8,486,3
zebralogic_03282,lgp-test-4x3-27,4*3,4,3,12,7,382,2
zebralogic_03283,lgp-test-5x2-22,5*2,5,2,10,9,314,2
zebralogic_03284,lgp-test-4x3-36,4*3,4,3,12,8,410,3
zebralogic_03285,lgp-test-5x2-14,5*2,5,2,10,8,300,2
zebralogic_03286,lgp-test-4x5-34,4*5,4,5,20,14,735,4
zebralogic_03287,lgp-test-3x6-5,3*6,3,6,18,9,602,4
zebralogic_03288,lgp-test-5x6-10,5*6,5,6,30,23,950,5
zebralogic_03289,lgp-test-5x2-30,5*2,5,2,10,7,285,2
zebralogic_03290,lgp-test-6x5-20,6*5,6,5,30,22,936,5
zebralogic_03291,lgp-test-5x6-37,5*6,5,6,30,20,901,5
zebralogic_03292,lgp-test-4x4-16,4*4,4,4,16,9,561,3
zebralogic_03293,lgp-test-6x5-4,6*5,6,5,30,20,902,5
zebralogic_03294,lgp-test-3x6-9,3*6,3,6,18,11,631,4
zebralogic_03295,lgp-test-4x6-36,4*6,4,6,24,16,799,4
zebralogic_03296,lgp-test-5x5-0,5*5,5,5,25,16,846,5
zebralogic_03297,lgp-test-2x3-13,2*3,2,3,6,3,55,1
zebralogic_03298,lgp-test-4x2-26,4*2,4,2,8,5,162,1
zebralogic_03299,lgp-test-2x3-16,2*3,2,3,6,3,56,1
zebralogic_03300,lgp-test-3x3-24,3*3,3,3,9,5,206,2
zebralogic_03301,lgp-test-5x6-12,5*6,5,6,30,20,903,5
zebralogic_03302,lgp-test-2x6-25,2*6,2,6,12,6,347,2
zebralogic_03303,lgp-test-4x3-26,4*3,4,3,12,8,411,3
zebralogic_03304,lgp-test-5x6-29,5*6,5,6,30,21,921,5
zebralogic_03305,lgp-test-2x6-14,2*6,2,6,12,5,325,2
zebralogic_03306,lgp-test-2x5-30,2*5,2,5,10,4,245,2
zebralogic_03307,lgp-test-5x5-21,5*5,5,5,25,16,847,5
zebralogic_03308,lgp-test-2x4-33,2*4,2,4,8,4,146,1
zebralogic_03309,lgp-test-4x2-28,4*2,4,2,8,5,163,1
zebralogic_03310,lgp-test-6x6-5,6*6,6,6,36,24,963,5
zebralogic_03311,lgp-test-2x2-18,2*2,2,2,4,2,8,1
zebralogic_03312,lgp-test-2x6-29,2*6,2,6,12,6,348,2
zebralogic_03313,lgp-test-4x2-14,4*2,4,2,8,6,180,1
zebralogic_03314,lgp-test-4x6-29,4*6,4,6,24,14,765,4
zebralogic_03315,lgp-test-5x3-26,5*3,5,3,15,9,503,3
zebralogic_03316,lgp-test-5x6-3,5*6,5,6,30,20,904,5
zebralogic_03317,lgp-test-3x2-21,3*2,3,2,6,3,57,1
zebralogic_03318,lgp-test-4x6-26,4*6,4,6,24,15,782,4
zebralogic_03319,lgp-test-4x6-21,4*6,4,6,24,14,766,4
zebralogic_03320,lgp-test-3x4-19,3*4,3,4,12,5,326,2
zebralogic_03321,lgp-test-5x2-38,5*2,5,2,10,7,286,2
zebralogic_03322,lgp-test-3x6-26,3*6,3,6,18,11,632,4
zebralogic_03323,lgp-test-3x6-4,3*6,3,6,18,9,603,4
zebralogic_03324,lgp-test-6x3-39,6*3,6,3,18,14,657,4
zebralogic_03325,lgp-test-3x5-14,3*5,3,5,15,10,522,3
zebralogic_03326,lgp-test-2x2-16,2*2,2,2,4,2,9,1
zebralogic_03327,lgp-test-3x2-2,3*2,3,2,6,4,92,1
zebralogic_03328,lgp-test-2x2-1,2*2,2,2,4,2,10,1
zebralogic_03329,lgp-test-2x2-38,2*2,2,2,4,2,11,1
zebralogic_03330,lgp-test-3x4-10,3*4,3,4,12,7,383,2
zebralogic_03331,lgp-test-4x4-13,4*4,4,4,16,10,573,3
zebralogic_03332,lgp-test-3x3-7,3*3,3,3,9,6,232,2
zebralogic_03333,lgp-test-4x4-26,4*4,4,4,16,9,562,3
zebralogic_03334,lgp-test-6x4-16,6*4,6,4,24,15,783,4
zebralogic_03335,lgp-test-5x4-33,5*4,5,4,20,13,707,4
zebralogic_03336,lgp-test-6x4-11,6*4,6,4,24,18,826,5
zebralogic_03337,lgp-test-2x3-36,2*3,2,3,6,2,42,1
zebralogic_03338,lgp-test-6x4-31,6*4,6,4,24,17,812,5
zebralogic_03339,lgp-test-5x6-32,5*6,5,6,30,19,887,5
zebralogic_03340,lgp-test-4x4-28,4*4,4,4,16,10,574,3
zebralogic_03341,lgp-test-2x6-17,2*6,2,6,12,6,349,2
zebralogic_03342,lgp-test-6x3-2,6*3,6,3,18,16,678,4
zebralogic_03343,lgp-test-3x2-0,3*2,3,2,6,3,58,1
zebralogic_03344,lgp-test-5x6-5,5*6,5,6,30,21,922,5
zebralogic_03345,lgp-test-6x4-29,6*4,6,4,24,15,784,4
zebralogic_03346,lgp-test-3x4-13,3*4,3,4,12,6,350,2
zebralogic_03347,lgp-test-4x5-18,4*5,4,5,20,11,681,4
zebralogic_03348,lgp-test-2x2-24,2*2,2,2,4,2,12,1
zebralogic_03349,lgp-test-5x4-14,5*4,5,4,20,13,708,4
zebralogic_03350,lgp-test-3x2-10,3*2,3,2,6,4,93,1
zebralogic_03351,lgp-test-4x2-24,4*2,4,2,8,6,181,1
zebralogic_03352,lgp-test-4x5-8,4*5,4,5,20,13,709,4
zebralogic_03353,lgp-test-2x2-34,2*2,2,2,4,2,13,1
zebralogic_03354,lgp-test-6x5-8,6*5,6,5,30,20,905,5
zebralogic_03355,lgp-test-3x6-38,3*6,3,6,18,10,612,4
zebralogic_03356,lgp-test-5x2-7,5*2,5,2,10,8,301,2
zebralogic_03357,lgp-test-3x4-18,3*4,3,4,12,6,351,2
zebralogic_03358,lgp-test-6x3-8,6*3,6,3,18,13,649,4
zebralogic_03359,lgp-test-5x3-28,5*3,5,3,15,10,523,3
zebralogic_03360,lgp-test-3x4-2,3*4,3,4,12,6,352,2
zebralogic_03361,lgp-test-6x5-19,6*5,6,5,30,21,923,5
zebralogic_03362,lgp-test-6x5-24,6*5,6,5,30,20,906,5
zebralogic_03363,lgp-test-5x2-6,5*2,5,2,10,8,302,2
zebralogic_03364,lgp-test-6x5-39,6*5,6,5,30,22,937,5
zebralogic_03365,lgp-test-6x5-14,6*5,6,5,30,24,957,5
zebralogic_03366,lgp-test-5x5-11,5*5,5,5,25,17,857,5
zebralogic_03367,lgp-test-3x4-7,3*4,3,4,12,5,327,2
zebralogic_03368,lgp-test-4x5-7,4*5,4,5,20,13,710,4
zebralogic_03369,lgp-test-6x2-7,6*2,6,2,12,13,478,3
zebralogic_03370,lgp-test-3x2-29,3*2,3,2,6,4,94,1
zebralogic_03371,lgp-test-4x2-36,4*2,4,2,8,6,182,1
zebralogic_03372,lgp-test-2x2-28,2*2,2,2,4,2,14,1
zebralogic_03373,lgp-test-3x6-14,3*6,3,6,18,11,633,4
zebralogic_03374,lgp-test-6x2-19,6*2,6,2,12,8,412,3
zebralogic_03375,lgp-test-3x4-36,3*4,3,4,12,6,353,2
zebralogic_03376,lgp-test-4x6-0,4*6,4,6,24,14,767,4
zebralogic_03377,lgp-test-3x3-1,3*3,3,3,9,5,207,2
zebralogic_03378,lgp-test-2x5-29,2*5,2,5,10,4,246,2
zebralogic_03379,lgp-test-4x4-36,4*4,4,4,16,11,587,3
zebralogic_03380,lgp-test-4x2-17,4*2,4,2,8,6,183,1
zebralogic_03381,lgp-test-5x3-20,5*3,5,3,15,12,551,3
zebralogic_03382,lgp-test-2x6-38,2*6,2,6,12,4,321,2
zebralogic_03383,lgp-test-4x6-25,4*6,4,6,24,15,785,4
zebralogic_03384,lgp-test-3x5-5,3*5,3,5,15,10,524,3
zebralogic_03385,lgp-test-6x2-23,6*2,6,2,12,7,384,2
zebralogic_03386,lgp-test-5x4-22,5*4,5,4,20,14,736,4
zebralogic_03387,lgp-test-6x5-29,6*5,6,5,30,22,938,5
zebralogic_03388,lgp-test-4x4-35,4*4,4,4,16,11,588,3
zebralogic_03389,lgp-test-6x3-24,6*3,6,3,18,16,679,4
zebralogic_03390,lgp-test-6x2-36,6*2,6,2,12,10,453,3
zebralogic_03391,lgp-test-6x3-37,6*3,6,3,18,12,641,4
zebralogic_03392,lgp-test-3x5-39,3*5,3,5,15,8,487,3
zebralogic_03393,lgp-test-4x6-34,4*6,4,6,24,14,768,4
zebralogic_03394,lgp-test-5x6-28,5*6,5,6,30,22,939,5
zebralogic_03395,lgp-test-2x6-28,2*6,2,6,12,5,328,2
zebralogic_03396,lgp-test-2x3-26,2*3,2,3,6,3,59,1
zebralogic_03397,lgp-test-3x5-35,3*5,3,5,15,7,481,3
zebralogic_03398,lgp-test-5x6-39,5*6,5,6,30,19,888,5
zebralogic_03399,lgp-test-6x4-22,6*4,6,4,24,17,813,5
zebralogic_03400,lgp-test-6x5-0,6*5,6,5,30,23,951,5
zebralogic_03401,lgp-test-6x5-22,6*5,6,5,30,21,924,5
zebralogic_03402,lgp-test-3x5-10,3*5,3,5,15,7,482,3
zebralogic_03403,lgp-test-5x5-7,5*5,5,5,25,16,848,5
zebralogic_03404,lgp-test-3x6-36,3*6,3,6,18,10,613,4
zebralogic_03405,lgp-test-4x3-23,4*3,4,3,12,7,385,2
zebralogic_03406,lgp-test-3x6-33,3*6,3,6,18,10,614,4
zebralogic_03407,lgp-test-3x4-31,3*4,3,4,12,7,386,2
zebralogic_03408,lgp-test-5x4-0,5*4,5,4,20,13,711,4
zebralogic_03409,lgp-test-5x5-24,5*5,5,5,25,17,858,5
zebralogic_03410,lgp-test-6x5-1,6*5,6,5,30,21,925,5
zebralogic_03411,lgp-test-4x3-21,4*3,4,3,12,9,434,3
zebralogic_03412,lgp-test-4x5-2,4*5,4,5,20,12,688,4
zebralogic_03413,lgp-test-5x2-31,5*2,5,2,10,9,315,2
zebralogic_03414,lgp-test-4x4-10,4*4,4,4,16,10,575,3
zebralogic_03415,lgp-test-2x6-35,2*6,2,6,12,5,329,2
zebralogic_03416,lgp-test-3x3-16,3*3,3,3,9,5,208,2
zebralogic_03417,lgp-test-5x4-13,5*4,5,4,20,12,689,4
zebralogic_03418,lgp-test-5x5-20,5*5,5,5,25,16,849,5
zebralogic_03419,lgp-test-4x6-17,4*6,4,6,24,14,769,4
zebralogic_03420,lgp-test-2x5-37,2*5,2,5,10,4,247,2
zebralogic_03421,lgp-test-5x2-12,5*2,5,2,10,9,316,2
zebralogic_03422,lgp-test-3x6-32,3*6,3,6,18,9,604,4
zebralogic_03423,lgp-test-6x6-9,6*6,6,6,36,26,983,5
zebralogic_03424,lgp-test-5x4-8,5*4,5,4,20,15,751,4
zebralogic_03425,lgp-test-3x6-1,3*6,3,6,18,9,605,4
zebralogic_03426,lgp-test-6x2-16,6*2,6,2,12,10,454,3
zebralogic_03427,lgp-test-4x2-1,4*2,4,2,8,5,164,1
zebralogic_03428,lgp-test-2x4-12,2*4,2,4,8,4,147,1
zebralogic_03429,lgp-test-6x4-37,6*4,6,4,24,16,800,4
zebralogic_03430,lgp-test-4x4-9,4*4,4,4,16,9,563,3
zebralogic_03431,lgp-test-4x3-11,4*3,4,3,12,7,387,2
zebralogic_03432,lgp-test-3x3-11,3*3,3,3,9,6,233,2
zebralogic_03433,lgp-test-5x3-13,5*3,5,3,15,11,536,3
zebralogic_03434,lgp-test-5x6-9,5*6,5,6,30,20,907,5
zebralogic_03435,lgp-test-5x3-30,5*3,5,3,15,10,525,3
zebralogic_03436,lgp-test-2x5-9,2*5,2,5,10,5,263,2
zebralogic_03437,lgp-test-5x2-37,5*2,5,2,10,7,287,2
zebralogic_03438,lgp-test-6x6-31,6*6,6,6,36,29,998,5
zebralogic_03439,lgp-test-3x5-22,3*5,3,5,15,7,483,3
zebralogic_03440,lgp-test-3x4-28,3*4,3,4,12,6,354,2
zebralogic_03441,lgp-test-2x5-16,2*5,2,5,10,5,264,2
zebralogic_03442,lgp-test-2x4-8,2*4,2,4,8,3,123,1
zebralogic_03443,lgp-test-3x5-7,3*5,3,5,15,9,504,3
zebralogic_03444,lgp-test-4x3-35,4*3,4,3,12,7,388,2
zebralogic_03445,lgp-test-6x6-21,6*6,6,6,36,24,964,5
zebralogic_03446,lgp-test-6x3-10,6*3,6,3,18,14,658,4
zebralogic_03447,lgp-test-6x4-12,6*4,6,4,24,16,801,5
zebralogic_03448,lgp-test-3x6-15,3*6,3,6,18,10,615,4
zebralogic_03449,lgp-test-2x6-18,2*6,2,6,12,6,355,2
zebralogic_03450,lgp-test-2x2-26,2*2,2,2,4,2,15,1
zebralogic_03451,lgp-test-3x5-29,3*5,3,5,15,9,505,3
zebralogic_03452,lgp-test-4x4-19,4*4,4,4,16,10,576,3
zebralogic_03453,lgp-test-4x3-34,4*3,4,3,12,8,413,3
zebralogic_03454,lgp-test-5x2-17,5*2,5,2,10,9,317,2
zebralogic_03455,lgp-test-5x4-17,5*4,5,4,20,15,752,4
zebralogic_03456,lgp-test-2x3-10,2*3,2,3,6,3,60,1
zebralogic_03457,lgp-test-3x2-11,3*2,3,2,6,4,95,1
zebralogic_03458,lgp-test-3x6-21,3*6,3,6,18,9,606,4
zebralogic_03459,lgp-test-6x4-3,6*4,6,4,24,17,814,5
zebralogic_03460,lgp-test-2x6-13,2*6,2,6,12,5,330,2
zebralogic_03461,lgp-test-2x5-27,2*5,2,5,10,4,248,2
zebralogic_03462,lgp-test-4x2-19,4*2,4,2,8,5,165,1
zebralogic_03463,lgp-test-6x6-1,6*6,6,6,36,27,991,5
zebralogic_03464,lgp-test-2x5-28,2*5,2,5,10,3,241,2
zebralogic_03465,lgp-test-6x6-15,6*6,6,6,36,25,974,5
zebralogic_03466,lgp-test-2x3-39,2*3,2,3,6,3,61,1
zebralogic_03467,lgp-test-5x6-15,5*6,5,6,30,19,889,5
zebralogic_03468,lgp-test-3x4-22,3*4,3,4,12,6,356,2
zebralogic_03469,lgp-test-6x6-35,6*6,6,6,36,24,965,5
zebralogic_03470,lgp-test-4x5-5,4*5,4,5,20,13,712,4
zebralogic_03471,lgp-test-5x6-14,5*6,5,6,30,18,884,5
zebralogic_03472,lgp-test-3x2-31,3*2,3,2,6,4,96,1
zebralogic_03473,lgp-test-5x2-25,5*2,5,2,10,7,288,2
zebralogic_03474,lgp-test-6x2-0,6*2,6,2,12,10,455,3
zebralogic_03475,lgp-test-4x6-1,4*6,4,6,24,13,761,4
zebralogic_03476,lgp-test-4x4-29,4*4,4,4,16,9,564,3
zebralogic_03477,lgp-test-6x3-0,6*3,6,3,18,13,650,4
zebralogic_03478,lgp-test-4x4-14,4*4,4,4,16,10,577,3
zebralogic_03479,lgp-test-2x4-39,2*4,2,4,8,4,148,1
zebralogic_03480,lgp-test-4x3-37,4*3,4,3,12,8,414,3
zebralogic_03481,lgp-test-2x5-24,2*5,2,5,10,4,249,2
zebralogic_03482,lgp-test-2x2-29,2*2,2,2,4,2,16,1
zebralogic_03483,lgp-test-6x4-30,6*4,6,4,24,17,815,5
zebralogic_03484,lgp-test-2x5-1,2*5,2,5,10,4,250,2
zebralogic_03485,lgp-test-5x2-5,5*2,5,2,10,9,318,2
zebralogic_03486,lgp-test-2x3-21,2*3,2,3,6,3,62,1
zebralogic_03487,lgp-test-6x3-31,6*3,6,3,18,13,651,4
zebralogic_03488,lgp-test-4x6-12,4*6,4,6,24,15,786,4
zebralogic_03489,lgp-test-2x2-5,2*2,2,2,4,2,17,1
zebralogic_03490,lgp-test-6x5-6,6*5,6,5,30,21,926,5
zebralogic_03491,lgp-test-5x2-39,5*2,5,2,10,8,303,2
zebralogic_03492,lgp-test-4x2-39,4*2,4,2,8,6,184,1
zebralogic_03493,lgp-test-5x5-9,5*5,5,5,25,15,841,5
zebralogic_03494,lgp-test-2x6-33,2*6,2,6,12,4,322,2
zebralogic_03495,lgp-test-5x5-32,5*5,5,5,25,17,859,5
zebralogic_03496,lgp-test-5x2-26,5*2,5,2,10,7,289,2
zebralogic_03497,lgp-test-4x6-11,4*6,4,6,24,16,802,5
zebralogic_03498,lgp-test-2x2-17,2*2,2,2,4,2,18,1
zebralogic_03499,lgp-test-5x5-22,5*5,5,5,25,17,860,5
zebralogic_03500,lgp-test-6x4-34,6*4,6,4,24,19,834,5
zebralogic_03501,lgp-test-4x4-30,4*4,4,4,16,9,565,3
zebralogic_03502,lgp-test-4x6-13,4*6,4,6,24,15,787,4
zebralogic_03503,lgp-test-2x5-18,2*5,2,5,10,5,265,2
zebralogic_03504,lgp-test-2x6-31,2*6,2,6,12,5,331,2
zebralogic_03505,lgp-test-2x2-4,2*2,2,2,4,2,19,1
zebralogic_03506,lgp-test-4x3-3,4*3,4,3,12,8,415,3
zebralogic_03507,lgp-test-2x2-20,2*2,2,2,4,2,20,1
zebralogic_03508,lgp-test-3x2-13,3*2,3,2,6,4,97,1
zebralogic_03509,lgp-test-2x3-24,2*3,2,3,6,2,43,1
zebralogic_03510,lgp-test-4x2-11,4*2,4,2,8,6,185,1
zebralogic_03511,lgp-test-3x4-21,3*4,3,4,12,8,416,3
zebralogic_03512,lgp-test-3x5-13,3*5,3,5,15,8,488,3
zebralogic_03513,lgp-test-2x6-32,2*6,2,6,12,5,332,2
zebralogic_03514,lgp-test-5x3-24,5*3,5,3,15,12,552,3
zebralogic_03515,lgp-test-3x3-22,3*3,3,3,9,5,209,2
zebralogic_03516,lgp-test-5x3-7,5*3,5,3,15,10,526,3
zebralogic_03517,lgp-test-6x2-10,6*2,6,2,12,11,469,3
zebralogic_03518,lgp-test-3x2-32,3*2,3,2,6,4,98,1
zebralogic_03519,lgp-test-5x6-35,5*6,5,6,30,21,927,5
zebralogic_03520,lgp-test-5x4-1,5*4,5,4,20,14,737,4
zebralogic_03521,lgp-test-6x2-4,6*2,6,2,12,10,456,3
zebralogic_03522,lgp-test-4x4-2,4*4,4,4,16,9,566,3
zebralogic_03523,lgp-test-3x6-0,3*6,3,6,18,11,634,4
zebralogic_03524,lgp-test-6x2-38,6*2,6,2,12,11,470,3
zebralogic_03525,lgp-test-3x2-36,3*2,3,2,6,4,99,1
zebralogic_03526,lgp-test-5x2-27,5*2,5,2,10,7,290,2
zebralogic_03527,lgp-test-6x5-37,6*5,6,5,30,22,940,5
zebralogic_03528,lgp-test-4x6-22,4*6,4,6,24,16,803,5
zebralogic_03529,lgp-test-3x3-32,3*3,3,3,9,5,210,2
zebralogic_03530,lgp-test-3x2-1,3*2,3,2,6,4,100,1
zebralogic_03531,lgp-test-2x2-13,2*2,2,2,4,2,21,1
zebralogic_03532,lgp-test-4x2-27,4*2,4,2,8,6,186,1
zebralogic_03533,lgp-test-3x2-39,3*2,3,2,6,3,63,1
zebralogic_03534,lgp-test-2x4-4,2*4,2,4,8,3,124,1
zebralogic_03535,lgp-test-4x5-12,4*5,4,5,20,12,690,4
zebralogic_03536,lgp-test-2x6-12,2*6,2,6,12,5,333,2
zebralogic_03537,lgp-test-3x4-9,3*4,3,4,12,7,389,2
zebralogic_03538,lgp-test-4x4-5,4*4,4,4,16,12,597,3
zebralogic_03539,lgp-test-3x5-9,3*5,3,5,15,7,484,3
zebralogic_03540,lgp-test-5x4-3,5*4,5,4,20,12,691,4
zebralogic_03541,lgp-test-3x4-38,3*4,3,4,12,6,357,2
zebralogic_03542,lgp-test-4x3-14,4*3,4,3,12,9,435,3
zebralogic_03543,lgp-test-3x3-9,3*3,3,3,9,5,211,2
zebralogic_03544,lgp-test-6x3-6,6*3,6,3,18,15,672,4
zebralogic_03545,lgp-test-3x3-39,3*3,3,3,9,5,212,2
zebralogic_03546,lgp-test-4x3-15,4*3,4,3,12,9,436,3
zebralogic_03547,lgp-test-6x4-21,6*4,6,4,24,18,827,5
zebralogic_03548,lgp-test-5x6-1,5*6,5,6,30,22,941,5
zebralogic_03549,lgp-test-4x5-27,4*5,4,5,20,13,713,4
zebralogic_03550,lgp-test-2x6-20,2*6,2,6,12,5,334,2
zebralogic_03551,lgp-test-4x5-37,4*5,4,5,20,13,714,4
zebralogic_03552,lgp-test-5x2-28,5*2,5,2,10,8,304,2
zebralogic_03553,lgp-test-4x2-23,4*2,4,2,8,5,166,1
zebralogic_03554,lgp-test-6x3-3,6*3,6,3,18,14,659,4
zebralogic_03555,lgp-test-2x2-10,2*2,2,2,4,2,22,1
zebralogic_03556,lgp-test-2x6-39,2*6,2,6,12,6,358,2
zebralogic_03557,lgp-test-4x2-25,4*2,4,2,8,6,187,1
zebralogic_03558,lgp-test-4x5-14,4*5,4,5,20,12,692,4
zebralogic_03559,lgp-test-2x2-31,2*2,2,2,4,2,23,1
zebralogic_03560,lgp-test-4x6-19,4*6,4,6,24,15,788,4
zebralogic_03561,lgp-test-4x2-4,4*2,4,2,8,6,188,1
zebralogic_03562,lgp-test-3x3-37,3*3,3,3,9,5,213,2
zebralogic_03563,lgp-test-4x3-4,4*3,4,3,12,6,359,2
zebralogic_03564,lgp-test-5x6-11,5*6,5,6,30,20,908,5
zebralogic_03565,lgp-test-3x6-12,3*6,3,6,18,10,616,4
zebralogic_03566,lgp-test-5x5-2,5*5,5,5,25,16,850,5
zebralogic_03567,lgp-test-4x2-0,4*2,4,2,8,6,189,1
zebralogic_03568,lgp-test-2x3-38,2*3,2,3,6,2,44,1
zebralogic_03569,lgp-test-4x5-17,4*5,4,5,20,11,682,4
zebralogic_03570,lgp-test-4x6-15,4*6,4,6,24,13,762,4
zebralogic_03571,lgp-test-4x5-28,4*5,4,5,20,13,715,4
zebralogic_03572,lgp-test-5x4-30,5*4,5,4,20,15,753,4
zebralogic_03573,lgp-test-2x3-1,2*3,2,3,6,2,45,1
zebralogic_03574,lgp-test-6x4-5,6*4,6,4,24,18,828,5
zebralogic_03575,lgp-test-5x2-32,5*2,5,2,10,10,319,2
zebralogic_03576,lgp-test-6x3-18,6*3,6,3,18,12,642,4
zebralogic_03577,lgp-test-2x5-19,2*5,2,5,10,5,266,2
zebralogic_03578,lgp-test-3x6-25,3*6,3,6,18,10,617,4
zebralogic_03579,lgp-test-4x3-16,4*3,4,3,12,8,417,3
zebralogic_03580,lgp-test-6x5-12,6*5,6,5,30,21,928,5
zebralogic_03581,lgp-test-6x2-13,6*2,6,2,12,11,471,3
zebralogic_03582,lgp-test-2x5-20,2*5,2,5,10,4,251,2
zebralogic_03583,lgp-test-5x2-24,5*2,5,2,10,8,305,2
zebralogic_03584,lgp-test-3x5-0,3*5,3,5,15,9,506,3
zebralogic_03585,lgp-test-5x4-28,5*4,5,4,20,16,758,4
zebralogic_03586,lgp-test-4x3-17,4*3,4,3,12,7,390,2
zebralogic_03587,lgp-test-6x3-33,6*3,6,3,18,15,673,4
zebralogic_03588,lgp-test-3x5-6,3*5,3,5,15,9,507,3
zebralogic_03589,lgp-test-2x5-6,2*5,2,5,10,3,242,2
zebralogic_03590,lgp-test-2x5-12,2*5,2,5,10,5,267,2
zebralogic_03591,lgp-test-6x2-17,6*2,6,2,12,16,480,3
zebralogic_03592,lgp-test-3x6-37,3*6,3,6,18,8,601,4
zebralogic_03593,lgp-test-6x4-35,6*4,6,4,24,18,829,5
zebralogic_03594,lgp-test-6x6-33,6*6,6,6,36,24,966,5
zebralogic_03595,lgp-test-4x2-15,4*2,4,2,8,6,190,1
zebralogic_03596,lgp-test-4x6-35,4*6,4,6,24,14,770,4
zebralogic_03597,lgp-test-3x3-18,3*3,3,3,9,7,240,2
zebralogic_03598,lgp-test-3x4-33,3*4,3,4,12,6,360,2
zebralogic_03599,lgp-test-4x2-9,4*2,4,2,8,5,167,1
zebralogic_03600,lgp-test-2x6-2,2*6,2,6,12,5,335,2
zebralogic_03601,lgp-test-3x4-24,3*4,3,4,12,7,391,2
zebralogic_03602,lgp-test-3x4-6,3*4,3,4,12,7,392,2
zebralogic_03603,lgp-test-5x3-4,5*3,5,3,15,11,537,3
zebralogic_03604,lgp-test-5x2-35,5*2,5,2,10,8,306,2
zebralogic_03605,lgp-test-3x5-33,3*5,3,5,15,8,489,3
zebralogic_03606,lgp-test-2x3-28,2*3,2,3,6,3,64,1
zebralogic_03607,lgp-test-5x3-38,5*3,5,3,15,11,538,3
zebralogic_03608,lgp-test-6x2-33,6*2,6,2,12,9,437,3
zebralogic_03609,lgp-test-6x5-15,6*5,6,5,30,21,929,5
zebralogic_03610,lgp-test-5x3-39,5*3,5,3,15,11,539,3
zebralogic_03611,lgp-test-5x4-39,5*4,5,4,20,14,738,4
zebralogic_03612,lgp-test-3x2-37,3*2,3,2,6,4,101,1
zebralogic_03613,lgp-test-3x3-25,3*3,3,3,9,5,214,2
zebralogic_03614,lgp-test-2x4-10,2*4,2,4,8,4,149,1
zebralogic_03615,lgp-test-6x2-35,6*2,6,2,12,10,457,3
zebralogic_03616,lgp-test-6x3-22,6*3,6,3,18,14,660,4
zebralogic_03617,lgp-test-2x3-14,2*3,2,3,6,3,65,1
zebralogic_03618,lgp-test-5x3-17,5*3,5,3,15,10,527,3
zebralogic_03619,lgp-test-6x5-23,6*5,6,5,30,20,909,5
zebralogic_03620,lgp-test-4x2-6,4*2,4,2,8,5,168,1
zebralogic_03621,lgp-test-3x6-20,3*6,3,6,18,10,618,4
zebralogic_03622,lgp-test-2x5-4,2*5,2,5,10,5,268,2
zebralogic_03623,lgp-test-4x4-11,4*4,4,4,16,12,598,3
zebralogic_03624,lgp-test-6x2-2,6*2,6,2,12,10,458,3
zebralogic_03625,lgp-test-6x4-20,6*4,6,4,24,18,830,5
zebralogic_03626,lgp-test-4x2-30,4*2,4,2,8,6,191,1
zebralogic_03627,lgp-test-6x5-25,6*5,6,5,30,24,958,5
zebralogic_03628,lgp-test-5x4-23,5*4,5,4,20,12,693,4
zebralogic_03629,lgp-test-3x4-14,3*4,3,4,12,5,336,2
zebralogic_03630,lgp-test-6x3-38,6*3,6,3,18,14,661,4
zebralogic_03631,lgp-test-3x2-12,3*2,3,2,6,4,102,1
zebralogic_03632,lgp-test-6x4-38,6*4,6,4,24,21,840,5
zebralogic_03633,lgp-test-2x2-37,2*2,2,2,4,1,1,1
zebralogic_03634,lgp-test-6x3-20,6*3,6,3,18,13,652,4
zebralogic_03635,lgp-test-6x4-18,6*4,6,4,24,16,804,5
zebralogic_03636,lgp-test-2x5-5,2*5,2,5,10,4,252,2
zebralogic_03637,lgp-test-2x2-23,2*2,2,2,4,2,24,1
zebralogic_03638,lgp-test-6x2-39,6*2,6,2,12,10,459,3
zebralogic_03639,lgp-test-6x6-16,6*6,6,6,36,27,992,5
zebralogic_03640,lgp-test-2x4-21,2*4,2,4,8,3,125,1
zebralogic_03641,lgp-test-2x4-35,2*4,2,4,8,4,150,1
zebralogic_03642,lgp-test-4x2-35,4*2,4,2,8,5,169,1
zebralogic_03643,lgp-test-6x5-30,6*5,6,5,30,24,959,5
zebralogic_03644,lgp-test-2x5-0,2*5,2,5,10,4,253,2
zebralogic_03645,lgp-test-3x6-24,3*6,3,6,18,10,619,4
zebralogic_03646,lgp-test-2x3-7,2*3,2,3,6,3,66,1
zebralogic_03647,lgp-test-2x6-11,2*6,2,6,12,5,337,2
zebralogic_03648,lgp-test-3x4-37,3*4,3,4,12,9,438,3
zebralogic_03649,lgp-test-3x5-4,3*5,3,5,15,10,528,3
zebralogic_03650,lgp-test-6x4-0,6*4,6,4,24,17,816,5
zebralogic_03651,lgp-test-3x3-23,3*3,3,3,9,5,215,2
zebralogic_03652,lgp-test-2x5-25,2*5,2,5,10,3,243,2
zebralogic_03653,lgp-test-2x3-3,2*3,2,3,6,3,67,1
zebralogic_03654,lgp-test-4x4-24,4*4,4,4,16,11,589,3
zebralogic_03655,lgp-test-2x4-6,2*4,2,4,8,3,126,1
zebralogic_03656,lgp-test-3x6-16,3*6,3,6,18,9,607,4
zebralogic_03657,lgp-test-4x5-10,4*5,4,5,20,11,683,4
zebralogic_03658,lgp-test-6x6-24,6*6,6,6,36,24,967,5
zebralogic_03659,lgp-test-6x3-11,6*3,6,3,18,13,653,4
zebralogic_03660,lgp-test-3x5-25,3*5,3,5,15,9,508,3
zebralogic_03661,lgp-test-4x2-3,4*2,4,2,8,6,192,1
zebralogic_03662,lgp-test-3x2-26,3*2,3,2,6,4,103,1
zebralogic_03663,lgp-test-6x6-27,6*6,6,6,36,24,968,5
zebralogic_03664,lgp-test-2x6-4,2*6,2,6,12,5,338,2
zebralogic_03665,lgp-test-3x5-15,3*5,3,5,15,8,490,3
zebralogic_03666,lgp-test-5x2-0,5*2,5,2,10,8,307,2
zebralogic_03667,lgp-test-6x4-36,6*4,6,4,24,15,789,4
zebralogic_03668,lgp-test-4x3-32,4*3,4,3,12,9,439,3
zebralogic_03669,lgp-test-4x3-7,4*3,4,3,12,7,393,2
zebralogic_03670,lgp-test-2x4-27,2*4,2,4,8,3,127,1
zebralogic_03671,lgp-test-6x3-16,6*3,6,3,18,12,643,4
zebralogic_03672,lgp-test-2x5-35,2*5,2,5,10,5,269,2
zebralogic_03673,lgp-test-4x3-18,4*3,4,3,12,8,418,3
zebralogic_03674,lgp-test-3x4-0,3*4,3,4,12,7,394,2
zebralogic_03675,lgp-test-3x2-7,3*2,3,2,6,3,68,1
zebralogic_03676,lgp-test-2x5-34,2*5,2,5,10,4,254,2
zebralogic_03677,lgp-test-4x6-27,4*6,4,6,24,14,771,4
zebralogic_03678,lgp-test-5x5-37,5*5,5,5,25,15,842,5
zebralogic_03679,lgp-test-6x6-25,6*6,6,6,36,26,984,5
zebralogic_03680,lgp-test-3x6-23,3*6,3,6,18,10,620,4
zebralogic_03681,lgp-test-6x2-1,6*2,6,2,12,10,460,3
zebralogic_03682,lgp-test-5x3-8,5*3,5,3,15,11,540,3
zebralogic_03683,lgp-test-6x2-6,6*2,6,2,12,11,472,3
zebralogic_03684,lgp-test-4x5-16,4*5,4,5,20,13,716,4
zebralogic_03685,lgp-test-4x4-23,4*4,4,4,16,9,567,3
zebralogic_03686,lgp-test-5x5-17,5*5,5,5,25,17,861,5
zebralogic_03687,lgp-test-4x5-39,4*5,4,5,20,11,684,4
zebralogic_03688,lgp-test-4x5-24,4*5,4,5,20,13,717,4
zebralogic_03689,lgp-test-3x5-36,3*5,3,5,15,9,509,3
zebralogic_03690,lgp-test-3x2-6,3*2,3,2,6,3,69,1
zebralogic_03691,lgp-test-6x4-8,6*4,6,4,24,17,817,5
zebralogic_03692,lgp-test-5x2-11,5*2,5,2,10,7,291,2
zebralogic_03693,lgp-test-5x4-31,5*4,5,4,20,13,718,4
zebralogic_03694,lgp-test-4x5-11,4*5,4,5,20,13,719,4
zebralogic_03695,lgp-test-3x3-19,3*3,3,3,9,5,216,2
zebralogic_03696,lgp-test-2x5-33,2*5,2,5,10,4,255,2
zebralogic_03697,lgp-test-6x3-12,6*3,6,3,18,14,662,4
zebralogic_03698,lgp-test-2x3-23,2*3,2,3,6,2,46,1
zebralogic_03699,lgp-test-4x2-34,4*2,4,2,8,6,193,1
zebralogic_03700,lgp-test-3x5-19,3*5,3,5,15,9,510,3
zebralogic_03701,lgp-test-4x4-33,4*4,4,4,16,10,578,3
zebralogic_03702,lgp-test-5x5-28,5*5,5,5,25,16,851,5
zebralogic_03703,lgp-test-4x4-7,4*4,4,4,16,11,590,3
zebralogic_03704,lgp-test-4x5-4,4*5,4,5,20,13,720,4
zebralogic_03705,lgp-test-6x4-13,6*4,6,4,24,17,818,5
zebralogic_03706,lgp-test-6x5-32,6*5,6,5,30,23,952,5
zebralogic_03707,lgp-test-2x6-26,2*6,2,6,12,5,339,2
zebralogic_03708,lgp-test-5x3-33,5*3,5,3,15,11,541,3
zebralogic_03709,lgp-test-3x5-23,3*5,3,5,15,9,511,3
zebralogic_03710,lgp-test-3x6-17,3*6,3,6,18,10,621,4
zebralogic_03711,lgp-test-6x4-23,6*4,6,4,24,18,831,5
zebralogic_03712,lgp-test-3x6-8,3*6,3,6,18,10,622,4
zebralogic_03713,lgp-test-4x6-8,4*6,4,6,24,15,790,4
zebralogic_03714,lgp-test-3x3-35,3*3,3,3,9,5,217,2
zebralogic_03715,lgp-test-5x4-10,5*4,5,4,20,14,739,4
zebralogic_03716,lgp-test-3x3-26,3*3,3,3,9,5,218,2
zebralogic_03717,lgp-test-5x6-22,5*6,5,6,30,19,890,5
zebralogic_03718,lgp-test-6x5-17,6*5,6,5,30,22,942,5
zebralogic_03719,lgp-test-4x5-13,4*5,4,5,20,14,740,4
zebralogic_03720,lgp-test-2x2-22,2*2,2,2,4,1,2,1
zebralogic_03721,lgp-test-4x5-22,4*5,4,5,20,12,694,4
zebralogic_03722,lgp-test-2x4-17,2*4,2,4,8,3,128,1
zebralogic_03723,lgp-test-3x4-15,3*4,3,4,12,7,395,2
zebralogic_03724,lgp-test-4x3-20,4*3,4,3,12,8,419,3
zebralogic_03725,lgp-test-2x6-37,2*6,2,6,12,6,361,2
zebralogic_03726,lgp-test-5x4-27,5*4,5,4,20,13,721,4
zebralogic_03727,lgp-test-3x3-21,3*3,3,3,9,4,201,2
zebralogic_03728,lgp-test-3x4-30,3*4,3,4,12,7,396,2
zebralogic_03729,lgp-test-6x6-19,6*6,6,6,36,26,985,5
zebralogic_03730,lgp-test-2x6-0,2*6,2,6,12,5,340,2
zebralogic_03731,lgp-test-4x2-2,4*2,4,2,8,5,170,1
zebralogic_03732,lgp-test-4x5-19,4*5,4,5,20,13,722,4
zebralogic_03733,lgp-test-2x6-16,2*6,2,6,12,6,362,2
zebralogic_03734,lgp-test-5x5-6,5*5,5,5,25,15,843,5
zebralogic_03735,lgp-test-5x6-33,5*6,5,6,30,20,910,5
zebralogic_03736,lgp-test-6x2-18,6*2,6,2,12,10,461,3
zebralogic_03737,lgp-test-5x6-18,5*6,5,6,30,17,883,5
zebralogic_03738,lgp-test-5x5-36,5*5,5,5,25,16,852,5
zebralogic_03739,lgp-test-3x4-17,3*4,3,4,12,7,397,2
zebralogic_03740,lgp-test-2x4-11,2*4,2,4,8,3,129,1
zebralogic_03741,lgp-test-6x5-9,6*5,6,5,30,22,943,5
zebralogic_03742,lgp-test-4x3-9,4*3,4,3,12,7,398,2
zebralogic_03743,lgp-test-5x3-5,5*3,5,3,15,10,529,3
zebralogic_03744,lgp-test-2x2-14,2*2,2,2,4,2,25,1
zebralogic_03745,lgp-test-4x4-0,4*4,4,4,16,11,591,3
zebralogic_03746,lgp-test-6x6-36,6*6,6,6,36,25,975,5
zebralogic_03747,lgp-test-6x3-28,6*3,6,3,18,14,663,4
zebralogic_03748,lgp-test-4x2-31,4*2,4,2,8,7,200,1
zebralogic_03749,lgp-test-5x4-15,5*4,5,4,20,14,741,4
zebralogic_03750,lgp-test-4x4-22,4*4,4,4,16,11,592,3
zebralogic_03751,lgp-test-3x3-20,3*3,3,3,9,5,219,2
zebralogic_03752,lgp-test-3x5-8,3*5,3,5,15,8,491,3
zebralogic_03753,lgp-test-2x6-19,2*6,2,6,12,6,363,2
zebralogic_03754,lgp-test-4x6-4,4*6,4,6,24,14,772,4
zebralogic_03755,lgp-test-3x6-35,3*6,3,6,18,11,635,4
zebralogic_03756,lgp-test-4x4-15,4*4,4,4,16,10,579,3
zebralogic_03757,lgp-test-2x2-35,2*2,2,2,4,2,26,1
zebralogic_03758,lgp-test-4x3-2,4*3,4,3,12,9,440,3
zebralogic_03759,lgp-test-6x5-7,6*5,6,5,30,23,953,5
zebralogic_03760,lgp-test-5x3-19,5*3,5,3,15,11,542,3
zebralogic_03761,lgp-test-5x2-36,5*2,5,2,10,6,281,2
zebralogic_03762,lgp-test-2x4-18,2*4,2,4,8,3,130,1
zebralogic_03763,lgp-test-3x5-17,3*5,3,5,15,9,512,3
zebralogic_03764,lgp-test-2x2-12,2*2,2,2,4,2,27,1
zebralogic_03765,lgp-test-5x4-4,5*4,5,4,20,14,742,4
zebralogic_03766,lgp-test-2x4-36,2*4,2,4,8,4,151,1
zebralogic_03767,lgp-test-4x3-6,4*3,4,3,12,9,441,3
zebralogic_03768,lgp-test-4x2-7,4*2,4,2,8,6,194,1
zebralogic_03769,lgp-test-6x2-15,6*2,6,2,12,9,442,3
zebralogic_03770,lgp-test-3x4-32,3*4,3,4,12,7,399,2
zebralogic_03771,lgp-test-3x5-38,3*5,3,5,15,10,530,3
zebralogic_03772,lgp-test-4x3-31,4*3,4,3,12,8,420,3
zebralogic_03773,lgp-test-3x2-4,3*2,3,2,6,5,118,1
zebralogic_03774,lgp-test-3x2-27,3*2,3,2,6,4,104,1
zebralogic_03775,lgp-test-4x4-1,4*4,4,4,16,11,593,3
zebralogic_03776,lgp-test-2x2-39,2*2,2,2,4,2,28,1
zebralogic_03777,lgp-test-3x6-31,3*6,3,6,18,9,608,4
zebralogic_03778,lgp-test-2x4-30,2*4,2,4,8,3,131,1
zebralogic_03779,lgp-test-6x2-32,6*2,6,2,12,10,462,3
zebralogic_03780,lgp-test-6x2-12,6*2,6,2,12,9,443,3
zebralogic_03781,lgp-test-6x6-2,6*6,6,6,36,29,999,5
zebralogic_03782,lgp-test-4x2-21,4*2,4,2,8,5,171,1
zebralogic_03783,lgp-test-3x5-20,3*5,3,5,15,9,513,3
zebralogic_03784,lgp-test-2x6-23,2*6,2,6,12,6,364,2
zebralogic_03785,lgp-test-6x6-37,6*6,6,6,36,26,986,5
zebralogic_03786,lgp-test-4x2-22,4*2,4,2,8,5,172,1
zebralogic_03787,lgp-test-2x6-21,2*6,2,6,12,4,323,2
zebralogic_03788,lgp-test-6x4-24,6*4,6,4,24,18,832,5
zebralogic_03789,lgp-test-6x3-21,6*3,6,3,18,14,664,4
zebralogic_03790,lgp-test-5x3-9,5*3,5,3,15,12,553,3
zebralogic_03791,lgp-test-5x5-25,5*5,5,5,25,18,871,5
zebralogic_03792,lgp-test-5x4-20,5*4,5,4,20,15,754,4
zebralogic_03793,lgp-test-2x4-25,2*4,2,4,8,3,132,1
zebralogic_03794,lgp-test-6x4-39,6*4,6,4,24,15,791,4
zebralogic_03795,lgp-test-5x3-11,5*3,5,3,15,11,543,3
zebralogic_03796,lgp-test-3x6-6,3*6,3,6,18,9,609,4
zebralogic_03797,lgp-test-5x2-19,5*2,5,2,10,8,308,2
zebralogic_03798,lgp-test-6x4-25,6*4,6,4,24,19,835,5
zebralogic_03799,lgp-test-3x4-35,3*4,3,4,12,6,365,2
zebralogic_03800,lgp-test-2x3-2,2*3,2,3,6,3,70,1
zebralogic_03801,lgp-test-2x5-10,2*5,2,5,10,4,256,2
zebralogic_03802,lgp-test-4x3-0,4*3,4,3,12,8,421,3
zebralogic_03803,lgp-test-2x5-31,2*5,2,5,10,5,270,2
zebralogic_03804,lgp-test-4x6-28,4*6,4,6,24,14,773,4
zebralogic_03805,lgp-test-2x2-36,2*2,2,2,4,2,29,1
zebralogic_03806,lgp-test-2x5-32,2*5,2,5,10,4,257,2
zebralogic_03807,lgp-test-5x3-36,5*3,5,3,15,10,531,3
zebralogic_03808,lgp-test-6x6-0,6*6,6,6,36,25,976,5
zebralogic_03809,lgp-test-5x2-1,5*2,5,2,10,7,292,2
zebralogic_03810,lgp-test-4x2-37,4*2,4,2,8,6,195,1
zebralogic_03811,lgp-test-4x3-12,4*3,4,3,12,8,422,3
zebralogic_03812,lgp-test-5x6-25,5*6,5,6,30,19,891,5
zebralogic_03813,lgp-test-3x3-28,3*3,3,3,9,6,234,2
zebralogic_03814,lgp-test-2x5-13,2*5,2,5,10,4,258,2
zebralogic_03815,lgp-test-3x5-21,3*5,3,5,15,9,514,3
zebralogic_03816,lgp-test-6x2-3,6*2,6,2,12,12,474,3
zebralogic_03817,lgp-test-2x3-5,2*3,2,3,6,2,47,1
zebralogic_03818,lgp-test-3x4-3,3*4,3,4,12,6,366,2
zebralogic_03819,lgp-test-5x3-12,5*3,5,3,15,8,492,3
zebralogic_03820,lgp-test-6x5-28,6*5,6,5,30,20,911,5
zebralogic_03821,lgp-test-2x3-12,2*3,2,3,6,3,71,1
zebralogic_03822,lgp-test-6x2-21,6*2,6,2,12,10,463,3
zebralogic_03823,lgp-test-5x6-19,5*6,5,6,30,21,930,5
zebralogic_03824,lgp-test-6x6-17,6*6,6,6,36,27,993,5
zebralogic_03825,lgp-test-4x6-39,4*6,4,6,24,14,774,4
zebralogic_03826,lgp-test-3x2-8,3*2,3,2,6,3,72,1
zebralogic_03827,lgp-test-3x5-31,3*5,3,5,15,9,515,3
zebralogic_03828,lgp-test-3x2-15,3*2,3,2,6,4,105,1
zebralogic_03829,lgp-test-3x4-8,3*4,3,4,12,6,367,2
zebralogic_03830,lgp-test-3x3-38,3*3,3,3,9,4,202,2
zebralogic_03831,lgp-test-6x5-33,6*5,6,5,30,19,892,5
zebralogic_03832,lgp-test-6x2-20,6*2,6,2,12,8,423,3
zebralogic_03833,lgp-test-2x4-29,2*4,2,4,8,3,133,1
zebralogic_03834,lgp-test-2x4-38,2*4,2,4,8,4,152,1
zebralogic_03835,lgp-test-6x5-21,6*5,6,5,30,22,944,5
zebralogic_03836,lgp-test-2x5-17,2*5,2,5,10,4,259,2
zebralogic_03837,lgp-test-2x4-26,2*4,2,4,8,4,153,1
zebralogic_03838,lgp-test-3x4-26,3*4,3,4,12,6,368,2
zebralogic_03839,lgp-test-6x6-12,6*6,6,6,36,28,996,5
zebralogic_03840,lgp-test-2x2-8,2*2,2,2,4,2,30,1
zebralogic_03841,lgp-test-6x2-22,6*2,6,2,12,9,444,3
zebralogic_03842,lgp-test-3x4-29,3*4,3,4,12,6,369,2
zebralogic_03843,lgp-test-4x5-36,4*5,4,5,20,11,685,4
zebralogic_03844,lgp-test-5x5-23,5*5,5,5,25,17,862,5
zebralogic_03845,lgp-test-5x2-34,5*2,5,2,10,6,282,2
zebralogic_03846,lgp-test-3x4-11,3*4,3,4,12,8,424,3
zebralogic_03847,lgp-test-3x6-18,3*6,3,6,18,10,623,4
zebralogic_03848,lgp-test-6x4-9,6*4,6,4,24,17,819,5
zebralogic_03849,lgp-test-5x2-29,5*2,5,2,10,7,293,2
zebralogic_03850,lgp-test-3x5-37,3*5,3,5,15,8,493,3
zebralogic_03851,lgp-test-5x4-32,5*4,5,4,20,16,759,4
zebralogic_03852,lgp-test-5x2-20,5*2,5,2,10,7,294,2
zebralogic_03853,lgp-test-4x4-38,4*4,4,4,16,11,594,3
zebralogic_03854,lgp-test-5x3-22,5*3,5,3,15,11,544,3
zebralogic_03855,lgp-test-4x5-30,4*5,4,5,20,14,743,4
zebralogic_03856,lgp-test-2x3-35,2*3,2,3,6,2,48,1
zebralogic_03857,lgp-test-2x4-22,2*4,2,4,8,3,134,1
zebralogic_03858,lgp-test-4x6-16,4*6,4,6,24,16,805,5
zebralogic_03859,lgp-test-6x3-17,6*3,6,3,18,15,674,4
zebralogic_03860,lgp-test-2x2-9,2*2,2,2,4,2,31,1
zebralogic_03861,lgp-test-2x3-34,2*3,2,3,6,3,73,1
zebralogic_03862,lgp-test-6x5-31,6*5,6,5,30,22,945,5
zebralogic_03863,lgp-test-4x3-28,4*3,4,3,12,7,400,2
zebralogic_03864,lgp-test-3x4-27,3*4,3,4,12,6,370,2
zebralogic_03865,lgp-test-2x5-14,2*5,2,5,10,4,260,2
zebralogic_03866,lgp-test-6x3-19,6*3,6,3,18,15,675,4
zebralogic_03867,lgp-test-6x4-4,6*4,6,4,24,20,839,5
zebralogic_03868,lgp-test-3x3-4,3*3,3,3,9,6,235,2
zebralogic_03869,lgp-test-5x3-1,5*3,5,3,15,12,554,3
zebralogic_03870,lgp-test-3x2-9,3*2,3,2,6,4,106,1
zebralogic_03871,lgp-test-3x3-27,3*3,3,3,9,5,220,2
zebralogic_03872,lgp-test-6x3-30,6*3,6,3,18,14,665,4
zebralogic_03873,lgp-test-4x5-15,4*5,4,5,20,12,695,4
zebralogic_03874,lgp-test-4x6-18,4*6,4,6,24,15,792,4
zebralogic_03875,lgp-test-6x3-5,6*3,6,3,18,12,644,4
zebralogic_03876,lgp-test-6x6-8,6*6,6,6,36,25,977,5
zebralogic_03877,lgp-test-2x4-3,2*4,2,4,8,3,135,1
zebralogic_03878,lgp-test-2x3-0,2*3,2,3,6,3,74,1
zebralogic_03879,lgp-test-5x2-8,5*2,5,2,10,7,295,2
zebralogic_03880,lgp-test-4x6-32,4*6,4,6,24,14,775,4
zebralogic_03881,lgp-test-6x3-13,6*3,6,3,18,13,654,4
zebralogic_03882,lgp-test-4x6-23,4*6,4,6,24,14,776,4
zebralogic_03883,lgp-test-2x5-2,2*5,2,5,10,5,271,2
zebralogic_03884,lgp-test-4x2-13,4*2,4,2,8,5,173,1
zebralogic_03885,lgp-test-3x3-0,3*3,3,3,9,4,203,2
zebralogic_03886,lgp-test-5x5-3,5*5,5,5,25,15,844,5
zebralogic_03887,lgp-test-5x2-9,5*2,5,2,10,8,309,2
zebralogic_03888,lgp-test-5x6-6,5*6,5,6,30,22,946,5
zebralogic_03889,lgp-test-2x6-30,2*6,2,6,12,6,371,2
zebralogic_03890,lgp-test-2x4-2,2*4,2,4,8,2,121,1
zebralogic_03891,lgp-test-4x5-0,4*5,4,5,20,13,723,4
zebralogic_03892,lgp-test-6x3-36,6*3,6,3,18,13,655,4
zebralogic_03893,lgp-test-6x2-5,6*2,6,2,12,9,445,3
zebralogic_03894,lgp-test-5x6-23,5*6,5,6,30,21,931,5
zebralogic_03895,lgp-test-4x4-34,4*4,4,4,16,11,595,3
zebralogic_03896,lgp-test-4x4-8,4*4,4,4,16,10,580,3
zebralogic_03897,lgp-test-6x3-7,6*3,6,3,18,14,666,4
zebralogic_03898,lgp-test-5x3-32,5*3,5,3,15,10,532,3
zebralogic_03899,lgp-test-2x3-18,2*3,2,3,6,3,75,1
zebralogic_03900,lgp-test-3x5-1,3*5,3,5,15,8,494,3
zebralogic_03901,lgp-test-5x4-11,5*4,5,4,20,13,724,4
zebralogic_03902,lgp-test-4x5-35,4*5,4,5,20,13,725,4
zebralogic_03903,lgp-test-4x6-33,4*6,4,6,24,14,777,4
zebralogic_03904,lgp-test-6x2-37,6*2,6,2,12,13,479,3
zebralogic_03905,lgp-test-3x2-22,3*2,3,2,6,4,107,1
zebralogic_03906,lgp-test-3x4-23,3*4,3,4,12,7,401,3
zebralogic_03907,lgp-test-5x4-36,5*4,5,4,20,15,755,4
zebralogic_03908,lgp-test-2x5-38,2*5,2,5,10,5,272,2
zebralogic_03909,lgp-test-4x4-18,4*4,4,4,16,10,581,3
zebralogic_03910,lgp-test-4x6-9,4*6,4,6,24,13,763,4
zebralogic_03911,lgp-test-6x4-17,6*4,6,4,24,16,806,5
zebralogic_03912,lgp-test-3x4-12,3*4,3,4,12,7,402,3
zebralogic_03913,lgp-test-4x3-25,4*3,4,3,12,8,425,3
zebralogic_03914,lgp-test-6x6-28,6*6,6,6,36,23,961,5
zebralogic_03915,lgp-test-3x6-39,3*6,3,6,18,10,624,4
zebralogic_03916,lgp-test-2x2-2,2*2,2,2,4,2,32,1
zebralogic_03917,lgp-test-6x4-6,6*4,6,4,24,16,807,5
zebralogic_03918,lgp-test-2x6-8,2*6,2,6,12,6,372,2
zebralogic_03919,lgp-test-5x5-5,5*5,5,5,25,17,863,5
zebralogic_03920,lgp-test-6x3-29,6*3,6,3,18,19,680,4
zebralogic_03921,lgp-test-3x2-18,3*2,3,2,6,4,108,1
zebralogic_03922,lgp-test-4x4-12,4*4,4,4,16,9,568,3
zebralogic_03923,lgp-test-5x4-35,5*4,5,4,20,13,726,4
zebralogic_03924,lgp-test-5x5-31,5*5,5,5,25,17,864,5
zebralogic_03925,lgp-test-2x6-10,2*6,2,6,12,6,373,2
zebralogic_03926,lgp-test-3x3-2,3*3,3,3,9,6,236,2
zebralogic_03927,lgp-test-6x6-20,6*6,6,6,36,26,987,5
zebralogic_03928,lgp-test-2x2-15,2*2,2,2,4,2,33,1
zebralogic_03929,lgp-test-4x5-33,4*5,4,5,20,12,696,4
zebralogic_03930,lgp-test-5x3-27,5*3,5,3,15,11,545,3
zebralogic_03931,lgp-test-2x3-11,2*3,2,3,6,2,49,1
zebralogic_03932,lgp-test-6x6-29,6*6,6,6,36,25,978,5
zebralogic_03933,lgp-test-4x6-3,4*6,4,6,24,14,778,4
zebralogic_03934,lgp-test-4x3-13,4*3,4,3,12,8,426,3
zebralogic_03935,lgp-test-2x3-37,2*3,2,3,6,3,76,1
zebralogic_03936,lgp-test-3x3-15,3*3,3,3,9,5,221,2
zebralogic_03937,lgp-test-6x4-32,6*4,6,4,24,15,793,4
zebralogic_03938,lgp-test-5x4-37,5*4,5,4,20,13,727,4
zebralogic_03939,lgp-test-2x6-27,2*6,2,6,12,5,341,2
zebralogic_03940,lgp-test-6x2-29,6*2,6,2,12,8,427,3
zebralogic_03941,lgp-test-2x5-23,2*5,2,5,10,5,273,2
zebralogic_03942,lgp-test-6x6-6,6*6,6,6,36,25,979,5
zebralogic_03943,lgp-test-6x2-14,6*2,6,2,12,9,446,3
zebralogic_03944,lgp-test-5x4-25,5*4,5,4,20,18,760,4
zebralogic_03945,lgp-test-6x5-3,6*5,6,5,30,20,912,5
zebralogic_03946,lgp-test-3x3-14,3*3,3,3,9,5,222,2
zebralogic_03947,lgp-test-2x4-31,2*4,2,4,8,4,154,1
zebralogic_03948,lgp-test-3x5-27,3*5,3,5,15,8,495,3
zebralogic_03949,lgp-test-4x2-12,4*2,4,2,8,6,196,1
zebralogic_03950,lgp-test-2x3-22,2*3,2,3,6,3,77,1
zebralogic_03951,lgp-test-2x4-20,2*4,2,4,8,4,155,1
zebralogic_03952,lgp-test-5x3-21,5*3,5,3,15,12,555,3
zebralogic_03953,lgp-test-5x3-29,5*3,5,3,15,14,558,3
zebralogic_03954,lgp-test-5x4-9,5*4,5,4,20,15,756,4
zebralogic_03955,lgp-test-2x3-15,2*3,2,3,6,3,78,1
zebralogic_03956,lgp-test-4x3-38,4*3,4,3,12,8,428,3
zebralogic_03957,lgp-test-4x2-20,4*2,4,2,8,6,197,1
zebralogic_03958,lgp-test-5x5-35,5*5,5,5,25,17,865,5
zebralogic_03959,lgp-test-3x6-2,3*6,3,6,18,10,625,4
zebralogic_03960,lgp-test-4x3-1,4*3,4,3,12,6,374,2
zebralogic_03961,lgp-test-5x3-34,5*3,5,3,15,11,546,3
zebralogic_03962,lgp-test-6x5-26,6*5,6,5,30,22,947,5
zebralogic_03963,lgp-test-2x4-16,2*4,2,4,8,3,136,1
zebralogic_03964,lgp-test-2x6-34,2*6,2,6,12,5,342,2
zebralogic_03965,lgp-test-4x2-16,4*2,4,2,8,5,174,1
zebralogic_03966,lgp-test-5x4-29,5*4,5,4,20,13,728,4
zebralogic_03967,lgp-test-3x3-8,3*3,3,3,9,6,237,2
zebralogic_03968,lgp-test-4x4-4,4*4,4,4,16,11,596,3
zebralogic_03969,lgp-test-4x6-30,4*6,4,6,24,13,764,4
zebralogic_03970,lgp-test-4x6-24,4*6,4,6,24,15,794,4
zebralogic_03971,lgp-test-2x5-15,2*5,2,5,10,5,274,2
zebralogic_03972,lgp-test-5x5-33,5*5,5,5,25,16,853,5
zebralogic_03973,lgp-test-3x2-19,3*2,3,2,6,4,109,1
zebralogic_03974,lgp-test-5x6-7,5*6,5,6,30,19,893,5
zebralogic_03975,lgp-test-5x4-5,5*4,5,4,20,14,744,4
zebralogic_03976,lgp-test-3x4-5,3*4,3,4,12,6,375,2
zebralogic_03977,lgp-test-3x3-3,3*3,3,3,9,5,223,2
zebralogic_03978,lgp-test-4x5-6,4*5,4,5,20,14,745,4
zebralogic_03979,lgp-test-5x5-8,5*5,5,5,25,17,866,5
zebralogic_03980,lgp-test-3x5-18,3*5,3,5,15,9,516,3
zebralogic_03981,lgp-test-6x3-32,6*3,6,3,18,14,667,4
zebralogic_03982,lgp-test-2x3-29,2*3,2,3,6,3,79,1
zebralogic_03983,lgp-test-6x3-34,6*3,6,3,18,14,668,4
zebralogic_03984,lgp-test-2x3-20,2*3,2,3,6,3,80,1
zebralogic_03985,lgp-test-5x3-6,5*3,5,3,15,9,517,3
zebralogic_03986,lgp-test-5x5-4,5*5,5,5,25,20,879,5
zebralogic_03987,lgp-test-2x3-32,2*3,2,3,6,3,81,1
zebralogic_03988,lgp-test-2x2-7,2*2,2,2,4,2,34,1
zebralogic_03989,lgp-test-6x6-7,6*6,6,6,36,25,980,5
zebralogic_03990,lgp-test-5x5-14,5*5,5,5,25,19,876,5
zebralogic_03991,lgp-test-3x2-35,3*2,3,2,6,4,110,1
zebralogic_03992,lgp-test-4x6-7,4*6,4,6,24,14,779,4
zebralogic_03993,lgp-test-5x2-2,5*2,5,2,10,6,283,2
zebralogic_03994,lgp-test-2x2-21,2*2,2,2,4,2,35,1
zebralogic_03995,lgp-test-3x5-26,3*5,3,5,15,9,518,3
zebralogic_03996,lgp-test-6x2-27,6*2,6,2,12,12,475,3
zebralogic_03997,lgp-test-3x2-30,3*2,3,2,6,3,82,1
zebralogic_03998,lgp-test-3x3-13,3*3,3,3,9,6,238,2
zebralogic_03999,lgp-test-2x5-3,2*5,2,5,10,5,275,2
zebralogic_04000,lgp-test-4x3-22,4*3,4,3,12,9,447,3
zebralogic_04001,lgp-test-4x5-9,4*5,4,5,20,11,686,4
zebralogic_04002,lgp-test-4x3-8,4*3,4,3,12,8,429,3
zebralogic_04003,lgp-test-6x2-31,6*2,6,2,12,10,464,3
zebralogic_04004,lgp-test-6x6-11,6*6,6,6,36,26,988,5
zebralogic_04005,lgp-test-5x4-7,5*4,5,4,20,12,697,4
zebralogic_04006,lgp-test-6x3-4,6*3,6,3,18,15,676,4
zebralogic_04007,lgp-test-3x4-39,3*4,3,4,12,8,430,3
zebralogic_04008,lgp-test-5x5-10,5*5,5,5,25,17,867,5
zebralogic_04009,lgp-test-3x2-5,3*2,3,2,6,4,111,1
zebralogic_04010,lgp-test-5x4-26,5*4,5,4,20,14,746,4
zebralogic_04011,lgp-test-6x5-18,6*5,6,5,30,23,954,5
zebralogic_04012,lgp-test-5x6-24,5*6,5,6,30,20,913,5
zebralogic_04013,lgp-test-6x3-26,6*3,6,3,18,12,645,4
zebralogic_04014,lgp-test-4x2-33,4*2,4,2,8,5,175,1
zebralogic_04015,lgp-test-5x2-21,5*2,5,2,10,8,310,2
zebralogic_04016,lgp-test-4x5-20,4*5,4,5,20,13,729,4
zebralogic_04017,lgp-test-6x3-15,6*3,6,3,18,15,677,4
zebralogic_04018,lgp-test-2x6-9,2*6,2,6,12,6,376,2
zebralogic_04019,lgp-test-4x6-2,4*6,4,6,24,16,808,5
zebralogic_04020,lgp-test-4x4-6,4*4,4,4,16,12,599,3
zebralogic_04021,lgp-test-5x3-35,5*3,5,3,15,11,547,3
zebralogic_04022,lgp-test-2x5-11,2*5,2,5,10,3,244,2
zebralogic_04023,lgp-test-2x5-8,2*5,2,5,10,5,276,2
zebralogic_04024,lgp-test-4x5-25,4*5,4,5,20,13,730,4
zebralogic_04025,lgp-test-2x3-30,2*3,2,3,6,3,83,1
zebralogic_04026,lgp-test-4x4-17,4*4,4,4,16,10,582,3
zebralogic_04027,lgp-test-5x5-29,5*5,5,5,25,19,877,5
zebralogic_04028,lgp-test-2x4-7,2*4,2,4,8,3,137,1
zebralogic_04029,lgp-test-6x5-13,6*5,6,5,30,23,955,5
zebralogic_04030,lgp-test-6x3-25,6*3,6,3,18,12,646,4
zebralogic_04031,lgp-test-3x3-6,3*3,3,3,9,5,224,2
zebralogic_04032,lgp-test-2x3-19,2*3,2,3,6,3,84,1
zebralogic_04033,lgp-test-3x3-5,3*3,3,3,9,5,225,2
zebralogic_04034,lgp-test-3x4-34,3*4,3,4,12,8,431,3
zebralogic_04035,lgp-test-3x6-11,3*6,3,6,18,9,610,4
zebralogic_04036,lgp-test-6x2-8,6*2,6,2,12,10,465,3
zebralogic_04037,lgp-test-2x2-19,2*2,2,2,4,1,3,1
zebralogic_04038,lgp-test-4x4-20,4*4,4,4,16,10,583,3
zebralogic_04039,lgp-test-3x5-11,3*5,3,5,15,8,496,3
zebralogic_04040,lgp-test-5x2-13,5*2,5,2,10,7,296,2
zebralogic_04041,lgp-test-2x2-0,2*2,2,2,4,2,36,1
zebralogic_04042,lgp-test-4x5-23,4*5,4,5,20,12,698,4
zebralogic_04043,lgp-test-4x5-32,4*5,4,5,20,12,699,4
zebralogic_04044,lgp-test-2x6-5,2*6,2,6,12,6,377,2
zebralogic_04045,lgp-test-5x6-38,5*6,5,6,30,20,914,5
zebralogic_04046,lgp-test-3x6-22,3*6,3,6,18,11,636,4
zebralogic_04047,lgp-test-6x2-34,6*2,6,2,12,12,476,3
zebralogic_04048,lgp-test-6x6-13,6*6,6,6,36,24,969,5
zebralogic_04049,lgp-test-6x4-14,6*4,6,4,24,17,820,5
zebralogic_04050,lgp-test-5x6-36,5*6,5,6,30,18,885,5
zebralogic_04051,lgp-test-6x6-39,6*6,6,6,36,26,989,5
zebralogic_04052,lgp-test-3x4-25,3*4,3,4,12,7,403,3
zebralogic_04053,lgp-test-5x3-0,5*3,5,3,15,8,497,3
zebralogic_04054,lgp-test-2x4-28,2*4,2,4,8,3,138,1
zebralogic_04055,lgp-test-4x4-39,4*4,4,4,16,10,584,3
zebralogic_04056,lgp-test-2x6-22,2*6,2,6,12,6,378,2
zebralogic_04057,lgp-test-5x6-20,5*6,5,6,30,19,894,5
zebralogic_04058,lgp-test-4x4-32,4*4,4,4,16,9,569,3
zebralogic_04059,lgp-test-6x5-10,6*5,6,5,30,19,895,5
zebralogic_04060,lgp-test-5x5-16,5*5,5,5,25,19,878,5
zebralogic_04061,lgp-test-5x5-19,5*5,5,5,25,16,854,5
zebralogic_04062,lgp-test-2x2-3,2*2,2,2,4,2,37,1
zebralogic_04063,lgp-test-6x4-28,6*4,6,4,24,17,821,5
zebralogic_04064,lgp-test-2x6-1,2*6,2,6,12,5,343,2
zebralogic_04065,lgp-test-4x3-5,4*3,4,3,12,8,432,3
zebralogic_04066,lgp-test-6x5-11,6*5,6,5,30,20,915,5
zebralogic_04067,lgp-test-6x6-38,6*6,6,6,36,23,962,5
zebralogic_04068,lgp-test-6x5-35,6*5,6,5,30,21,932,5
zebralogic_04069,lgp-test-5x3-16,5*3,5,3,15,12,556,3
zebralogic_04070,lgp-test-5x6-27,5*6,5,6,30,23,956,5
zebralogic_04071,lgp-test-6x4-19,6*4,6,4,24,17,822,5
zebralogic_04072,lgp-test-5x6-8,5*6,5,6,30,22,948,5
zebralogic_04073,lgp-test-6x5-16,6*5,6,5,30,21,933,5
zebralogic_04074,lgp-test-5x4-18,5*4,5,4,20,14,747,4
zebralogic_04075,lgp-test-2x4-37,2*4,2,4,8,4,156,1
zebralogic_04076,lgp-test-5x5-18,5*5,5,5,25,17,868,5
zebralogic_04077,lgp-test-6x2-30,6*2,6,2,12,11,473,3
zebralogic_04078,lgp-test-2x2-11,2*2,2,2,4,2,38,1
zebralogic_04079,lgp-test-4x6-6,4*6,4,6,24,14,780,4
zebralogic_04080,lgp-test-3x3-17,3*3,3,3,9,5,226,2
zebralogic_04081,lgp-test-4x5-21,4*5,4,5,20,12,700,4
zebralogic_04082,lgp-test-4x3-39,4*3,4,3,12,7,404,3
zebralogic_04083,lgp-test-6x6-3,6*6,6,6,36,24,970,5
zebralogic_04084,lgp-test-3x6-30,3*6,3,6,18,10,626,4
zebralogic_04085,lgp-test-3x6-34,3*6,3,6,18,10,627,4
zebralogic_04086,lgp-test-2x3-25,2*3,2,3,6,2,50,1
zebralogic_04087,lgp-test-5x2-10,5*2,5,2,10,8,311,2
zebralogic_04088,lgp-test-6x5-36,6*5,6,5,30,19,896,5
zebralogic_04089,lgp-test-5x4-16,5*4,5,4,20,13,731,4
zebralogic_04090,lgp-test-6x2-11,6*2,6,2,12,10,466,3
zebralogic_04091,lgp-test-6x5-38,6*5,6,5,30,22,949,5
zebralogic_04092,lgp-test-5x3-2,5*3,5,3,15,10,533,3
zebralogic_04093,lgp-test-2x5-36,2*5,2,5,10,5,277,2
zebralogic_04094,lgp-test-2x4-32,2*4,2,4,8,4,157,1
zebralogic_04095,lgp-test-2x3-8,2*3,2,3,6,2,51,1
zebralogic_04096,lgp-test-5x6-13,5*6,5,6,30,19,897,5
zebralogic_04097,lgp-test-2x4-13,2*4,2,4,8,2,122,1
zebralogic_04098,lgp-test-4x4-25,4*4,4,4,16,12,600,3
zebralogic_04099,lgp-test-4x5-1,4*5,4,5,20,12,701,4
zebralogic_04100,lgp-test-2x5-21,2*5,2,5,10,4,261,2
zebralogic_04101,lgp-test-6x4-1,6*4,6,4,24,19,836,5
zebralogic_04102,lgp-test-6x5-5,6*5,6,5,30,19,898,5
zebralogic_04103,lgp-test-4x2-8,4*2,4,2,8,5,176,1
zebralogic_04104,lgp-test-4x6-37,4*6,4,6,24,15,795,4
zebralogic_04105,lgp-test-4x2-38,4*2,4,2,8,5,177,1
zebralogic_04106,lgp-test-4x6-38,4*6,4,6,24,16,809,5
zebralogic_04107,lgp-test-5x6-4,5*6,5,6,30,16,881,5
zebralogic_04108,lgp-test-3x3-29,3*3,3,3,9,4,204,2
zebralogic_04109,lgp-test-4x5-31,4*5,4,5,20,12,702,4
zebralogic_04110,lgp-test-6x6-14,6*6,6,6,36,24,971,5
zebralogic_04111,lgp-test-5x6-2,5*6,5,6,30,18,886,5
zebralogic_04112,lgp-test-3x3-12,3*3,3,3,9,5,227,2
zebralogic_04113,lgp-test-6x6-32,6*6,6,6,36,27,994,5
zebralogic_04114,lgp-test-3x3-31,3*3,3,3,9,5,228,2
zebralogic_04115,lgp-test-2x5-26,2*5,2,5,10,5,278,2
zebralogic_04116,lgp-test-4x3-29,4*3,4,3,12,10,467,3
zebralogic_04117,lgp-test-5x3-18,5*3,5,3,15,10,534,3
zebralogic_04118,lgp-test-4x2-5,4*2,4,2,8,5,178,1
zebralogic_04119,lgp-test-4x4-31,4*4,4,4,16,10,585,3
zebralogic_04120,lgp-test-5x3-31,5*3,5,3,15,11,548,3
zebralogic_04121,lgp-test-3x2-17,3*2,3,2,6,4,112,1
zebralogic_04122,lgp-test-3x5-2,3*5,3,5,15,8,498,3
zebralogic_04123,lgp-test-5x5-15,5*5,5,5,25,18,872,5
zebralogic_04124,lgp-test-4x6-20,4*6,4,6,24,14,781,4
zebralogic_04125,lgp-test-3x2-16,3*2,3,2,6,3,85,1
zebralogic_04126,lgp-test-2x3-27,2*3,2,3,6,2,52,1
zebralogic_04127,lgp-test-3x3-34,3*3,3,3,9,5,229,2
zebralogic_04128,lgp-test-4x2-10,4*2,4,2,8,6,198,1
zebralogic_04129,lgp-test-3x5-3,3*5,3,5,15,8,499,3
zebralogic_04130,lgp-test-6x2-24,6*2,6,2,12,9,448,3
zebralogic_04131,lgp-test-6x6-22,6*6,6,6,36,25,981,5
zebralogic_04132,lgp-test-6x3-1,6*3,6,3,18,14,669,4
zebralogic_04133,lgp-test-3x2-34,3*2,3,2,6,5,119,1
zebralogic_04134,lgp-test-2x3-17,2*3,2,3,6,2,53,1
zebralogic_04135,lgp-test-5x6-34,5*6,5,6,30,21,934,5
zebralogic_04136,lgp-test-5x6-26,5*6,5,6,30,19,899,5
zebralogic_04137,lgp-test-6x3-23,6*3,6,3,18,14,670,4
zebralogic_04138,lgp-test-3x5-12,3*5,3,5,15,7,485,3
zebralogic_04139,lgp-test-5x4-21,5*4,5,4,20,13,732,4
zebralogic_04140,lgp-test-3x2-24,3*2,3,2,6,3,86,1
zebralogic_04141,lgp-test-4x6-10,4*6,4,6,24,15,796,4
zebralogic_04142,lgp-test-5x4-24,5*4,5,4,20,14,748,4
zebralogic_04143,lgp-test-5x3-15,5*3,5,3,15,9,519,3
zebralogic_04144,lgp-test-3x3-36,3*3,3,3,9,5,230,2
zebralogic_04145,lgp-test-3x6-28,3*6,3,6,18,11,637,4
zebralogic_04146,lgp-test-4x3-33,4*3,4,3,12,7,405,3
zebralogic_04147,lgp-test-2x6-7,2*6,2,6,12,5,344,2
zebralogic_04148,lgp-test-6x6-34,6*6,6,6,36,29,1000,5
zebralogic_04149,lgp-test-5x5-26,5*5,5,5,25,22,880,5
zebralogic_04150,lgp-test-4x5-26,4*5,4,5,20,12,703,4
zebralogic_04151,lgp-test-2x6-15,2*6,2,6,12,5,345,2
zebralogic_04152,lgp-test-6x4-27,6*4,6,4,24,16,810,5
zebralogic_04153,lgp-test-5x2-23,5*2,5,2,10,8,312,2
zebralogic_04154,lgp-test-2x3-33,2*3,2,3,6,2,54,1
zebralogic_04155,lgp-test-5x3-23,5*3,5,3,15,14,559,3
zebralogic_04156,lgp-test-5x4-19,5*4,5,4,20,12,704,4
zebralogic_04157,lgp-test-6x6-10,6*6,6,6,36,26,990,5
zebralogic_04158,lgp-test-3x3-33,3*3,3,3,9,6,239,2
zebralogic_04159,lgp-test-5x4-6,5*4,5,4,20,12,705,4
zebralogic_04160,lgp-test-3x2-14,3*2,3,2,6,5,120,1
zebralogic_04161,lgp-test-3x6-3,3*6,3,6,18,11,638,4
zebralogic_04162,lgp-test-3x6-19,3*6,3,6,18,11,639,4
zebralogic_04163,lgp-test-2x6-6,2*6,2,6,12,6,379,2
zebralogic_04164,lgp-test-3x6-13,3*6,3,6,18,9,611,4
zebralogic_04165,lgp-test-6x3-14,6*3,6,3,18,12,647,4
zebralogic_04166,lgp-test-5x3-10,5*3,5,3,15,11,549,3
zebralogic_04167,lgp-test-4x3-24,4*3,4,3,12,9,449,3
zebralogic_04168,lgp-test-6x5-34,6*5,6,5,30,20,916,5
zebralogic_04169,lgp-test-6x5-27,6*5,6,5,30,21,935,5
zebralogic_04170,lgp-test-2x4-23,2*4,2,4,8,3,139,1
zebralogic_04171,lgp-test-6x4-7,6*4,6,4,24,17,823,5
zebralogic_04172,lgp-test-6x6-18,6*6,6,6,36,27,995,5
zebralogic_04173,lgp-test-6x3-35,6*3,6,3,18,12,648,4
zebralogic_04174,lgp-test-2x4-1,2*4,2,4,8,3,140,1
zebralogic_04175,lgp-test-3x4-16,3*4,3,4,12,7,406,3
zebralogic_04176,lgp-test-5x6-31,5*6,5,6,30,20,917,5
zebralogic_04177,lgp-test-3x2-33,3*2,3,2,6,4,113,1
zebralogic_04178,lgp-test-5x3-37,5*3,5,3,15,11,550,3
zebralogic_04179,lgp-test-2x3-6,2*3,2,3,6,3,87,1
zebralogic_04180,lgp-test-2x3-31,2*3,2,3,6,3,88,1
zebralogic_04181,lgp-test-5x5-1,5*5,5,5,25,18,873,5
zebralogic_04182,lgp-test-2x6-36,2*6,2,6,12,6,380,2
zebralogic_04183,lgp-test-4x6-31,4*6,4,6,24,16,811,5
zebralogic_04184,lgp-test-3x6-10,3*6,3,6,18,11,640,4
zebralogic_04185,lgp-test-6x4-2,6*4,6,4,24,18,833,5
zebralogic_04186,lgp-test-6x4-26,6*4,6,4,24,19,837,5
zebralogic_04187,lgp-test-5x2-33,5*2,5,2,10,7,297,2
zebralogic_04188,lgp-test-5x3-3,5*3,5,3,15,13,557,3
zebralogic_04189,lgp-test-6x3-9,6*3,6,3,18,13,656,4
zebralogic_04190,lgp-test-3x4-20,3*4,3,4,12,8,433,3
zebralogic_04191,lgp-test-4x6-5,4*6,4,6,24,15,797,4
zebralogic_04192,lgp-test-2x4-0,2*4,2,4,8,4,158,1
zebralogic_04193,lgp-test-3x6-27,3*6,3,6,18,10,628,4
zebralogic_04194,lgp-test-2x5-7,2*5,2,5,10,4,262,2
zebralogic_04195,lgp-test-4x5-29,4*5,4,5,20,13,733,4
zebralogic_04196,lgp-test-4x3-30,4*3,4,3,12,9,450,3
zebralogic_04197,lgp-test-5x5-27,5*5,5,5,25,18,874,5
zebralogic_04198,lgp-test-2x3-4,2*3,2,3,6,3,89,1
zebralogic_04199,lgp-test-6x2-26,6*2,6,2,12,9,451,3
zebralogic_04200,lgp-test-3x3-30,3*3,3,3,9,4,205,2
zebralogic_04201,lgp-test-5x2-18,5*2,5,2,10,8,313,2
zebralogic_04202,lgp-test-3x5-32,3*5,3,5,15,8,500,3
zebralogic_04203,lgp-test-6x3-27,6*3,6,3,18,14,671,4
zebralogic_04204,lgp-test-3x6-7,3*6,3,6,18,10,629,4
zebralogic_04205,lgp-test-2x4-19,2*4,2,4,8,4,159,1
zebralogic_04206,lgp-test-3x6-29,3*6,3,6,18,10,630,4
zebralogic_04207,lgp-test-2x4-14,2*4,2,4,8,3,141,1
zebralogic_04208,lgp-test-6x6-30,6*6,6,6,36,25,982,5
zebralogic_04209,lgp-test-3x5-24,3*5,3,5,15,9,520,3
zebralogic_04210,lgp-test-5x6-21,5*6,5,6,30,20,918,5
zebralogic_04211,lgp-test-3x2-20,3*2,3,2,6,3,90,1
zebralogic_04212,lgp-test-2x5-39,2*5,2,5,10,5,279,2
zebralogic_04213,lgp-test-6x6-4,6*6,6,6,36,28,997,5
zebralogic_04214,lgp-test-3x5-28,3*5,3,5,15,9,521,3
zebralogic_04215,lgp-test-6x6-23,6*6,6,6,36,24,972,5
zebralogic_04216,lgp-test-5x4-34,5*4,5,4,20,14,749,4
zebralogic_04217,lgp-test-2x6-3,2*6,2,6,12,6,381,2
zebralogic_04218,lgp-test-6x2-25,6*2,6,2,12,9,452,3
zebralogic_04219,lgp-test-5x6-17,5*6,5,6,30,20,919,5
zebralogic_04220,lgp-test-2x2-6,2*2,2,2,4,1,4,1
zebralogic_04221,lgp-test-6x4-10,6*4,6,4,24,19,838,5
zebralogic_04222,lgp-test-6x2-28,6*2,6,2,12,12,477,3
zebralogic_04223,lgp-test-3x4-4,3*4,3,4,12,7,407,3
zebralogic_04224,lgp-test-5x2-3,5*2,5,2,10,10,320,2
zebralogic_04225,lgp-test-4x3-19,4*3,4,3,12,7,408,3
zebralogic_04226,lgp-test-3x2-25,3*2,3,2,6,4,114,1
zebralogic_04227,lgp-test-4x2-29,4*2,4,2,8,5,179,1
zebralogic_04228,lgp-test-6x6-26,6*6,6,6,36,24,973,5
zebralogic_04229,lgp-test-5x4-38,5*4,5,4,20,15,757,4
zebralogic_04230,lgp-test-5x3-25,5*3,5,3,15,10,535,3
zebralogic_04231,lgp-test-5x5-13,5*5,5,5,25,16,855,5
zebralogic_04232,lgp-test-3x2-3,3*2,3,2,6,3,91,1
zebralogic_04233,lgp-test-4x6-14,4*6,4,6,24,15,798,4
zebralogic_04234,lgp-test-2x2-27,2*2,2,2,4,2,39,1
zebralogic_04235,lgp-test-5x2-16,5*2,5,2,10,6,284,2
zebralogic_04236,lgp-test-4x4-37,4*4,4,4,16,9,570,3
zebralogic_04237,lgp-test-3x2-38,3*2,3,2,6,4,115,1
zebralogic_04238,lgp-test-3x2-23,3*2,3,2,6,4,116,1
zebralogic_04239,lgp-test-2x4-15,2*4,2,4,8,4,160,1
zebralogic_04240,lgp-test-2x2-30,2*2,2,2,4,2,40,1
zebralogic_04241,lgp-test-2x2-32,2*2,2,2,4,1,5,1
zebralogic_04242,lgp-test-4x2-32,4*2,4,2,8,6,199,1
zebralogic_04243,lgp-test-5x2-4,5*2,5,2,10,7,298,2
zebralogic_04244,lgp-test-2x4-9,2*4,2,4,8,4,161,1
zebralogic_04245,lgp-test-4x5-38,4*5,4,5,20,12,706,4
zebralogic_04246,lgp-test-6x4-33,6*4,6,4,24,17,824,5
zebralogic_04247,lgp-test-5x5-38,5*5,5,5,25,17,869,5
zebralogic_04248,lgp-test-5x4-12,5*4,5,4,20,14,750,4
zebralogic_04249,lgp-test-2x4-24,2*4,2,4,8,3,142,1
zebralogic_04250,lgp-test-5x5-34,5*5,5,5,25,16,856,5
zebralogic_04251,lgp-test-2x5-22,2*5,2,5,10,5,280,2
zebralogic_04252,lgp-test-3x2-28,3*2,3,2,6,4,117,1
zebralogic_04253,lgp-test-3x3-10,3*3,3,3,9,5,231,2
zebralogic_04254,lgp-test-3x4-1,3*4,3,4,12,7,409,3
zebralogic_04255,lgp-test-5x5-39,5*5,5,5,25,17,870,5
zebralogic_04256,lgp-test-2x2-25,2*2,2,2,4,1,6,1
zebralogic_04257,lgp-test-2x4-34,2*4,2,4,8,3,143,1
zebralogic_04258,lgp-test-5x3-14,5*3,5,3,15,15,560,3
